Making Major Changes here, adding a title



"Kerabatsos","Donny","2014-06-17","1637.77"
"Aaron","Carter","2013-05-03",
"Aaron","Millan","2013-07-08",
"Aaron","Phillips","2013-06-03",
"Abel","Gutierrez","2013-01-30",
"Abraham","Ledbetter","2013-06-11",
"Abraham","Velasquez","2013-02-27",
"Adam","Grider","2012-12-12",
"Adam","McKnight","2013-02-24",
"Adam","Moore","2012-10-16",
"Adam","Peery","2012-09-25",
"Adam","Robinson","2013-07-23",
"Adolph","Bell","2013-05-02",
"Aileen","Walker","2012-09-04",
"Al","Bryant","2013-08-10",
"Alan","Foster","2012-11-02",
"Alan","Fox","2013-05-09",
"Alan","Johnson","2013-07-25",
"Alan","Smith","2012-09-23",
"Albert","Caldwell","2012-10-17",
"Albert","Cornett","2012-11-12",
"Albert","Luce","2013-06-16",
"Albert","Romero","2013-02-21",
"Albert","Smith","2013-05-23",
"Albert","Valero","2013-01-24",
"Alberto","Hargis","2012-11-15",
"Alberto","Hartman","2013-06-28",
"Alberto","Smith","2013-02-03",
"Alberto","Walker","2013-01-23",
"Aldo","Bates","2013-05-26",
"Alejandra","Sherrill","2013-06-20",
"Alex","Bowman","2013-05-28",
"Alex","Carpenter","2013-03-05",
"Alex","Haskell","2013-07-02",
"Alex","Heath","2013-08-30",
"Alex","Rhinehart","2012-12-18",
"Alex","Robertson","2012-10-10",
"Alexander","Brown","2013-06-28",
"Alexander","Carrington","2012-11-15",
"Alexander","Jones","2013-08-24",
"Alexander","Nieves","2013-04-30",
"Alfonso","Hargis","2013-05-24",
"Alfonso","Rice","2013-03-01",
"Alfred","Carrington","2013-05-26",
"Alfred","Dziedzic","2012-11-03",
"Alfred","Hahn","2013-03-25",
"Alfred","Hall","2013-08-25",
"Alfred","Macdonald","2013-08-01",
"Alfred","Paulk","2013-07-17",
"Alfred","Serrano","2012-12-17",
"Alice","Baker","2013-01-13",
"Alice","Daley","2013-03-13",
"Alice","Esposito","2013-08-27",
"Alice","Horst","2012-11-09",
"Alicia","Callender","2013-03-05",
"Alix","Wentworth","2013-07-29",
"Allan","Guerrero","2012-09-04",
"Allan","Henderson","2013-08-19",
"Allan","Shively","2012-12-08",
"Allen","Decicco","2013-08-03",
"Allen","Holtzclaw","2013-07-23",
"Allen","Hurst","2013-06-24",
"Allison","Jackson","2013-02-18",
"Alphonse","Peck","2012-11-24",
"Alphonse","Pope","2012-09-24",
"Alta","McKnight","2013-03-04",
"Althea","Buchanan","2013-05-30",
"Althea","Debolt","2012-12-30",
"Alton","Cacho","2012-09-11",
"Alvin","Duffy","2013-01-25",
"Alvin","Polzin","2013-01-12",
"Amanda","Blackmon","2013-01-31",
"Amanda","Skaggs","2013-08-01",
"Amber","Martin","2013-01-16",
"Amber","Rhoades","2013-03-26",
"Amber","Williams","2012-11-13",
"Amos","Barton","2013-06-17",
"Amy","Holland","2013-07-19",
"Amy","Lofgren","2012-11-07",
"Amy","Williams","2013-05-23",
"Andre","Hastings","2012-12-25",
"Andre","Lee","2013-08-05",
"Andrea","Dacosta","2013-02-07",
"Andrea","Sams","2013-07-18",
"Andrea","Terrell","2012-12-15",
"Andrew","Barr","2013-03-27",
"Andrew","Boyd","2013-05-03",
"Andrew","Brown","2012-09-18",
"Andrew","Crook","2013-06-23",
"Andrew","Dwight","2012-12-22",
"Andrew","Fogel","2012-10-20",
"Andrew","Gibson","2013-06-10",
"Andrew","Gonzales","2013-07-22",
"Andrew","Haider","2013-08-25",
"Andrew","Hernandez","2012-09-24",
"Andrew","Jones","2013-07-04",
"Andrew","King","2013-07-27",
"Andrew","Marquez","2013-07-14",
"Andrew","Monaghan","2013-08-31",
"Andrew","Montoya","2013-01-10",
"Andrew","Pape","2012-09-01",
"Andrew","Rasco","2012-09-03",
"Andrew","Rivera","2013-08-09",
"Andrew","Sneed","2013-07-05",
"Andrew","Vera","2013-06-26",
"Andrew","Williams","2013-01-28",
"Andy","Cunningham","2013-03-07",
"Angel","Casey","2013-07-09",
"Angel","Tate","2013-08-09",
"Angela","Campos","2012-10-09",
"Angela","Elder","2013-02-06",
"Angela","Hodges","2013-04-23",
"Angelo","Hogan","2013-08-13",
"Angelo","King","2013-02-15",
"Anita","Cohen","2013-02-18",
"Ann","Bentley","2012-12-26",
"Ann","Denham","2013-02-17",
"Ann","Matthews","2013-08-10",
"Anna","Campbell","2013-07-16",
"Anna","Goldston","2013-04-28",
"Anna","Lopez","2012-12-20",
"Anna","Wass","2012-11-23",
"Anne","McDowell","2013-05-17",
"Anne","Smith","2013-01-04",
"Annette","Edwards","2013-04-24",
"Annette","McPherson","2013-07-23",
"Annette","Nance","2012-10-15",
"Annette","Pouliot","2013-04-02",
"Annette","Taylor","2012-10-12",
"Anthony","Byrd","2012-09-08",
"Anthony","Gaughan","2013-06-28",
"Anthony","Goodell","2013-05-27",
"Anthony","Hamilton","2013-05-29",
"Anthony","Hill","2012-10-04",
"Anthony","Ohare","2013-07-10",
"Anthony","Rodriguez","2013-08-21",
"Anthony","Vanatta","2013-05-16",
"Anton","Leboeuf","2013-04-22",
"Anton","Thomason","2013-02-26",
"Antonia","Butler","2012-09-22",
"Antonia","Frias","2012-12-20",
"Antonio","Allison","2012-09-01",
"Antonio","Coulter","2012-09-29",
"Antonio","Ha","2013-04-02",
"Antonio","Kirkpatrick","2012-09-14",
"Antonio","Streets","2013-07-04",
"April","Bennett","2013-07-30",
"April","Clayton","2012-12-17",
"April","Davis","2012-11-04",
"April","Lofton","2013-06-06",
"Archie","Butcher","2013-01-15",
"Archie","Maldonado","2013-04-07",
"Archie","McKinney","2012-11-26",
"Arlene","Muse","2013-06-22",
"Arlene","Rodgers","2012-09-29",
"Armanda","Barrett","2013-06-02",
"Armando","Smith","2013-08-15",
"Arthur","Bartlett","2013-01-26",
"Arthur","Byington","2013-01-01",
"Arthur","Carranza","2013-07-12",
"Arthur","Elmer","2013-06-29",
"Arthur","Gomez","2013-08-04",
"Arthur","Hernandez","2013-02-19",
"Arthur","Johnston","2013-06-23",
"Arthur","Mork","2013-06-20",
"Arthur","Pickel","2013-06-30",
"Arthur","Ryder","2013-07-21",
"Arthur","Santiago","2013-01-18",
"Arthur","Schumann","2013-02-10",
"Arthur","Strecker","2013-05-07",
"Arthur","Thom","2012-10-24",
"Arthur","Todd","2013-07-22",
"Arturo","Delaney","2013-08-02",
"Ashley","Lyons","2013-01-15",
"Ashley","Rivera","2012-12-10",
"Ashley","Smith","2013-06-08",
"Ashley","Tracy","2013-04-03",
"August","Sizemore","2013-01-06",
"Aura","Bohanan","2013-07-31",
"Austin","Hill","2013-05-20",
"Barbara","Gleason","2013-06-13",
"Barbara","Mapes","2013-02-07",
"Barbara","Nance","2013-05-28",
"Barbara","Reed","2013-04-09",
"Barbara","Robinson","2012-10-30",
"Barry","Shepherd","2013-06-11",
"Barry","Taylor","2013-07-14",
"Barry","Yanez","2013-01-13",
"Becky","Keele","2013-06-17",
"Belinda","Wells","2013-03-19",
"Ben","Carlson","2012-09-06",
"Ben","Doyon","2013-08-19",
"Ben","Martin","2013-01-16",
"Ben","Ridenhour","2013-01-22",
"Benjamin","Bass","2013-01-29",
"Benjamin","Blasko","2013-07-11",
"Benjamin","Bouffard","2013-02-12",
"Benjamin","Brooks","2012-09-25",
"Benjamin","Coon","2012-10-25",
"Benjamin","Parker","2012-09-29",
"Benjamin","Rose","2012-09-13",
"Benny","Smith","2013-02-25",
"Bernard","Hobson","2013-03-05",
"Bernard","Hooker","2013-08-29",
"Bernard","Robert","2013-08-22",
"Bernice","Mason","2013-01-13",
"Bert","Gomez","2013-08-29",
"Beth","Roach","2013-03-25",
"Betsy","Brown","2012-12-25",
"Bettina","Ramirez","2013-01-25",
"Betty","Bauer","2013-05-06",
"Beulah","Golden","2012-11-21",
"Beverly","Dickens","2012-10-30",
"Bill","Carl","2013-01-14",
"Bill","Walker","2012-11-13",
"Bill","Wilson","2013-04-27",
"Billie","Brouillette","2013-04-29",
"Billy","Davidson","2012-11-18",
"Billy","Walsh","2012-12-23",
"Billy","Williams","2012-09-07",
"Birgit","Ham","2012-11-08",
"Bo","Ruiz","2013-08-02",
"Bob","Cruz","2013-05-27",
"Bobby","Cole","2013-02-20",
"Bobby","Conner","2013-02-05",
"Bobby","Ferrill","2013-01-21",
"Bobby","Jackson","2013-07-11",
"Bobby","Lee","2012-11-27",
"Bobby","Matthews","2013-03-17",
"Bobby","Pitt","2013-03-24",
"Bobby","Rosalez","2012-11-23",
"Bobby","Tondreau","2013-08-18",
"Bonnie","Barnes","2012-12-01",
"Bonnie","Chaffins","2012-10-05",
"Bonnie","West","2012-12-16",
"Bradford","Rodgers","2013-03-08",
"Bradley","Anderson","2012-11-26",
"Bradley","Cordes","2013-05-22",
"Bradley","Duca","2013-04-05",
"Bradley","Meldrum","2013-04-13",
"Bradley","Rice","2013-01-27",
"Brandon","Collett","2013-02-25",
"Brandon","Pope","2013-06-21",
"Brandon","Ritchie","2012-10-07",
"Brandy","Hurst","2012-12-26",
"Brenda","Betancourt","2013-02-02",
"Brenda","Bissette","2013-02-24",
"Brenda","Norman","2012-12-02",
"Brent","Cisneros","2012-09-26",
"Brent","Stockton","2013-03-27",
"Brett","Clift","2013-05-04",
"Brian","Beatty","2013-05-05",
"Brian","Bolt","2012-12-07",
"Brian","Cain","2012-12-28",
"Brian","Carter","2012-12-25",
"Brian","Carter","2013-02-10",
"Brian","Frazier","2013-05-06",
"Brian","Fuller","2012-11-12",
"Brian","Guzman","2013-04-01",
"Brian","Killough","2013-03-31",
"Brian","Knarr","2013-06-27",
"Brian","McDaniel","2012-11-23",
"Brian","Noto","2012-10-26",
"Brian","Passmore","2012-10-08",
"Brian","Payne","2013-01-21",
"Brian","Rumph","2012-11-27",
"Brian","Santucci","2013-06-09",
"Brian","Seals","2013-07-09",
"Brian","Sweet","2013-03-10",
"Brian","Veliz","2013-04-12",
"Brittany","Haile","2013-05-24",
"Brooke","Jamison","2012-12-28",
"Bruce","Brooking","2013-01-08",
"Bruce","Gray","2012-09-02",
"Bruce","Hernandez","2013-04-26",
"Bruce","Ivey","2013-05-02",
"Bruce","Lamberson","2013-06-13",
"Bruce","Land","2012-11-27",
"Bruce","Lockhart","2012-11-26",
"Bruce","Thacker","2013-08-11",
"Bruce","Young","2013-02-23",
"Bryan","Frame","2013-05-04",
"Bryce","Romero","2013-07-09",
"Buddy","Robinson","2012-12-01",
"Burl","Wilson","2013-06-09",
"Burton","Smith","2013-02-23",
"Byron","Trent","2012-10-21",
"Byron","West","2013-08-08",
"Caleb","Fullerton","2013-06-27",
"Calvin","Walker","2012-12-19",
"Camelia","Logan","2013-06-28",
"Cameron","Kitts","2013-07-20",
"Cameron","William","2013-04-19",
"Carl","Dinan","2012-11-27",
"Carl","Fultz","2013-02-01",
"Carl","Gardner","2012-12-17",
"Carl","Hodges","2013-05-14",
"Carl","Labrador","2013-03-12",
"Carl","Manners","2013-01-20",
"Carl","Mendez","2013-05-21",
"Carl","Taylor","2013-03-21",
"Carl","Wolf","2013-02-22",
"Carla","Holt","2012-09-05",
"Carlos","Diaz","2013-07-07",
"Carlos","Rice","2012-10-19",
"Carlos","Rives","2013-04-26",
"Carlos","Sanders","2012-10-29",
"Carlton","Clarke","2013-06-23",
"Carlton","Simmons","2012-11-09",
"Carmelo","Cutler","2013-07-21",
"Carmen","Ferguson","2013-01-05",
"Carmen","Hendon","2013-04-05",
"Carmen","Hoover","2012-10-01",
"Carol","Denton","2013-08-28",
"Carol","Doss","2013-06-25",
"Carol","English","2013-03-15",
"Carol","Neal","2012-09-05",
"Carolyn","Dye","2012-10-13",
"Carolyn","Garcia","2013-05-25",
"Carolyn","McHugh","2013-04-23",
"Carolyn","Nieves","2012-09-10",
"Carolyn","Sena","2012-10-04",
"Carolyne","Richard","2013-02-16",
"Carrie","Collins","2013-07-18",
"Carrol","Bailey","2013-02-16",
"Carson","Dunkelberger","2013-08-21",
"Carter","Moreno","2012-09-25",
"Cary","Gilmartin","2012-12-07",
"Casey","Hopkins","2013-05-18",
"Casey","McKenzie","2013-05-29",
"Cassandra","Little","2013-08-25",
"Catharine","Mills","2013-04-16",
"Catherine","Cameron","2013-03-27",
"Catherine","Cota","2012-11-09",
"Cathleen","Kim","2013-03-04",
"Cecil","Burrell","2013-01-11",
"Cedric","Bowling","2012-09-20",
"Cesar","Standifer","2012-12-02",
"Chad","Dave","2013-01-15",
"Chad","Trask","2013-07-17",
"Chad","Wolf","2013-02-07",
"Chantal","Buffington","2013-06-27",
"Charlene","Hernandes","2013-05-03",
"Charles","Addington","2012-12-15",
"Charles","Alaimo","2013-04-05",
"Charles","Anderson","2013-06-20",
"Charles","Ashe","2012-09-12",
"Charles","Blake","2012-11-26",
"Charles","Carlson","2013-04-27",
"Charles","Cox","2013-06-07",
"Charles","Finley","2012-09-12",
"Charles","Gomez","2012-10-08",
"Charles","Gonzalez","2012-11-23",
"Charles","Hamblin","2012-12-05",
"Charles","Hamilton","2013-06-01",
"Charles","Heroux","2013-04-18",
"Charles","Ibarra","2013-07-13",
"Charles","James","2013-08-20",
"Charles","Lewis","2013-07-17",
"Charles","Macdonald","2013-07-28",
"Charles","Marin","2013-03-28",
"Charles","Matthews","2013-01-13",
"Charles","McDaniel","2012-09-01",
"Charles","McLain","2013-02-03",
"Charles","McLeod","2013-03-14",
"Charles","McQueen","2013-08-26",
"Charles","Merriman","2012-10-25",
"Charles","Middleton","2013-06-10",
"Charles","Miller","2013-01-27",
"Charles","Moody","2013-02-07",
"Charles","Pringle","2012-11-12",
"Charles","Profitt","2012-09-15",
"Charles","Robertson","2013-06-02",
"Charles","Robinson","2013-01-24",
"Charles","Rock","2013-08-30",
"Charles","Thomas","2012-12-03",
"Charles","Vargas","2013-05-18",
"Charles","Vega","2012-10-06",
"Charles","Wade","2013-01-29",
"Charles","West","2012-10-11",
"Charles","Williams","2013-05-01",
"Charles","Williams","2013-05-14",
"Charles","Wright","2013-02-20",
"Charlie","Abernathy","2012-09-09",
"Charlie","Daniels","2013-03-19",
"Charlie","Fontaine","2013-06-22",
"Charlie","Louis","2012-11-11",
"Cheri","Kelsey","2012-09-14",
"Cherly","George","2013-02-13",
"Chris","Booker","2012-11-24",
"Chris","Decker","2013-03-05",
"Chris","McCulloch","2013-02-25",
"Chris","Morrow","2013-04-19",
"Christian","Elliott","2012-09-30",
"Christian","Taylor","2013-07-24",
"Christina","Myers","2012-10-13",
"Christine","Bryden","2013-08-11",
"Christine","Klingbeil","2013-02-26",
"Christopher","Becker","2012-09-23",
"Christopher","Blalock","2013-08-14",
"Christopher","Calhoun","2013-06-13",
"Christopher","Cato","2012-09-06",
"Christopher","David","2012-11-08",
"Christopher","Evans","2013-04-26",
"Christopher","Gillenwater","2013-03-13",
"Christopher","Girard","2013-07-24",
"Christopher","Glover","2012-12-12",
"Christopher","Henry","2013-06-20",
"Christopher","Hersey","2013-07-31",
"Christopher","Higdon","2013-04-11",
"Christopher","Huey","2013-08-03",
"Christopher","Joseph","2013-05-04",
"Christopher","Kendrick","2013-06-15",
"Christopher","Lloyd","2013-01-07",
"Christopher","Lucas","2012-09-16",
"Christopher","McDaniel","2013-08-11",
"Christopher","Means","2013-02-22",
"Christopher","Revels","2013-01-29",
"Christopher","Ridgeway","2013-03-10",
"Christopher","Robbins","2013-02-13",
"Christopher","Robinson","2013-05-18",
"Christopher","Rogers","2012-11-28",
"Christopher","Smith","2013-02-07",
"Christopher","Smith","2013-06-13",
"Christopher","Stark","2013-01-17",
"Christopher","Thompson","2012-11-10",
"Christopher","Turner","2012-12-17",
"Christopher","Washington","2013-07-18",
"Christopher","Williams","2013-08-24",
"Christopher","Wilmore","2012-12-30",
"Christopher","Wood","2012-12-19",
"Christopher","Woods","2012-10-12",
"Christy","Roberson","2012-11-20",
"Chuck","Jones","2013-07-01",
"Chuck","Lopez","2013-05-10",
"Cindy","Duran","2012-09-30",
"Cindy","Seals","2013-04-28",
"Cindy","Wilson","2012-09-18",
"Clara","Murdoch","2013-03-14",
"Clara","Reynolds","2013-03-28",
"Clara","Thornsberry","2013-01-17",
"Clarence","Flannigan","2012-09-08",
"Clarence","Grayson","2012-12-10",
"Clarence","McEwen","2012-12-18",
"Clarence","Morales","2012-09-17",
"Clarence","Starkey","2013-07-13",
"Clarence","Wells","2013-06-22",
"Claribel","Dominguez","2012-09-06",
"Clarice","Palmer","2013-01-31",
"Clarice","Smith","2013-01-22",
"Claude","Johnson","2013-02-07",
"Claudia","Abbott","2012-12-03",
"Clay","Dowdy","2013-03-04",
"Clayton","Brown","2013-04-25",
"Clayton","Clark","2013-04-25",
"Cletus","Nagle","2013-08-23",
"Clifford","Burkes","2013-05-30",
"Clifford","Chatman","2012-11-08",
"Clifford","Rawlings","2013-06-19",
"Clinton","Hurd","2013-03-02",
"Clinton","Kendig","2013-01-04",
"Clyde","Lawrence","2012-10-07",
"Clyde","Washington","2013-01-24",
"Colby","Allen","2012-09-13",
"Colin","Forbes","2012-12-21",
"Colleen","Garrison","2012-11-06",
"Connie","Graham","2013-06-29",
"Connie","Scott","2013-08-03",
"Constance","Nelson","2013-08-26",
"Cora","Morrison","2012-09-14",
"Corey","Kershner","2013-01-09",
"Corey","Kraft","2013-01-06",
"Corey","Mullen","2013-04-12",
"Corey","Perez","2013-03-09",
"Corey","Shackelford","2013-04-02",
"Cornell","Morton","2013-07-24",
"Cortez","Brown","2013-01-10",
"Cory","Creasy","2012-09-22",
"Cory","Foster","2012-09-28",
"Cory","Saiz","2013-03-07",
"Courtney","Hazley","2013-03-20",
"Courtney","Stubbs","2012-11-08",
"Coy","Mills","2012-11-10",
"Coy","Thompson","2013-05-24",
"Craig","Field","2012-11-27",
"Craig","Kelly","2012-09-13",
"Craig","Kent","2013-01-16",
"Craig","McPherson","2012-09-13",
"Craig","Shaw","2013-04-14",
"Cristobal","Cooper","2012-09-26",
"Cruz","Scott","2012-11-13",
"Cruz","Woodward","2012-12-22",
"Crystal","Swafford","2013-08-10",
"Curt","Morrison","2013-01-02",
"Curtis","Steele","2013-01-31",
"Cynthia","Kelly","2013-05-24",
"Cynthia","Lassiter","2013-02-27",
"Cynthia","Lepage","2013-06-16",
"Dale","Hayes","2012-12-13",
"Dale","Huff","2013-05-27",
"Damian","Martin","2012-11-01",
"Damian","Rosen","2012-09-14",
"Damien","Bourgault","2013-04-21",
"Dan","Dames","2012-12-31",
"Dan","Johnson","2013-02-07",
"Dan","Smith","2013-01-04",
"Dana","Killgore","2013-08-22",
"Daniel","Arellano","2013-02-06",
"Daniel","Arnold","2013-01-09",
"Daniel","Brown","2013-02-19",
"Daniel","Burgos","2013-08-11",
"Daniel","Bynum","2013-07-11",
"Daniel","Carrillo","2012-12-10",
"Daniel","Cornell","2012-11-24",
"Daniel","Diaz","2013-05-17",
"Daniel","Dobson","2013-04-25",
"Daniel","Elam","2013-03-27",
"Daniel","England","2013-06-29",
"Daniel","Espinosa","2013-04-28",
"Daniel","Farrell","2013-03-21",
"Daniel","Farrow","2013-02-17",
"Daniel","Gordon","2012-09-09",
"Daniel","Hinojosa","2013-03-07",
"Daniel","Jackson","2013-05-25",
"Daniel","Jacobson","2012-11-11",
"Daniel","Johnson","2013-06-26",
"Daniel","Johnson","2013-08-20",
"Daniel","Ko","2012-10-19",
"Daniel","Lax","2013-03-06",
"Daniel","Leek","2013-07-25",
"Daniel","Matthew","2013-01-25",
"Daniel","Miller","2013-01-12",
"Daniel","Miller","2013-03-02",
"Daniel","Millet","2012-11-17",
"Daniel","Miner","2012-10-06",
"Daniel","Pender","2013-04-27",
"Daniel","Peterson","2013-01-11",
"Daniel","Riddell","2013-01-08",
"Daniel","Sams","2013-08-29",
"Daniel","Shiffer","2013-03-13",
"Daniel","Slocum","2012-12-26",
"Daniel","Small","2012-10-25",
"Daniel","Smith","2012-09-09",
"Daniel","Steinberg","2013-06-18",
"Daniel","Sutton","2013-06-04",
"Daniel","Taylor","2013-02-28",
"Daniel","Taylor","2013-06-03",
"Daniel","Walters","2013-06-10",
"Daniel","Williams","2012-11-24",
"Danielle","Friday","2013-03-31",
"Danielle","Holder","2012-12-22",
"Danny","Appleton","2012-10-13",
"Danny","Bush","2012-09-22",
"Danny","Kovar","2013-07-19",
"Danny","Rankin","2013-02-19",
"Danny","Smith","2013-07-22",
"Danny","Spurlock","2013-06-16",
"Dante","Alvarez","2013-04-25",
"Daphne","Ammons","2013-02-09",
"Darcy","Herron","2012-10-11",
"Darell","Nelson","2013-08-01",
"Daren","Ash","2013-07-09",
"Darlene","Biller","2012-11-26",
"Darlene","Mapp","2013-05-25",
"Darrell","Carlson","2012-09-03",
"Darrell","Payne","2012-11-17",
"Darrell","Rae","2013-06-30",
"Darren","Estes","2012-12-10",
"Darren","Ohler","2013-01-18",
"Darren","Vincent","2012-09-18",
"Darryl","Austin","2012-10-23",
"Darryl","Kaczor","2013-03-02",
"Darryl","Keach","2012-09-04",
"Darwin","Baker","2013-05-16",
"Daryl","Richardson","2013-03-23",
"David","Anderson","2013-08-11",
"David","Barhorst","2012-10-13",
"David","Barnes","2013-07-22",
"David","Bond","2013-08-20",
"David","Briggs","2013-02-23",
"David","Brodeur","2013-05-15",
"David","Brooks","2013-03-22",
"David","Bryant","2013-05-23",
"David","Cardenas","2012-09-22",
"David","Carey","2013-07-09",
"David","Carter","2013-04-24",
"David","Casey","2012-09-17",
"David","Copher","2013-07-18",
"David","Craig","2013-02-16",
"David","Dickerson","2013-03-07",
"David","Dillon","2012-11-08",
"David","Earls","2012-10-19",
"David","Edmondson","2013-04-07",
"David","Evens","2013-04-15",
"David","Ewing","2013-03-28",
"David","Farrar","2012-11-29",
"David","Ferrier","2013-08-23",
"David","Franklin","2013-01-16",
"David","Froehlich","2013-05-12",
"David","Garza","2012-10-04",
"David","Gonzalez","2013-02-03",
"David","Green","2012-11-07",
"David","Haley","2012-11-22",
"David","Howard","2013-04-20",
"David","Jean","2013-02-11",
"David","Jenkins","2012-12-19",
"David","Johnson","2012-11-16",
"David","Jones","2013-02-17",
"David","Jones","2013-07-10",
"David","Jordan","2012-11-27",
"David","Kane","2012-11-06",
"David","Karr","2013-06-08",
"David","Kemp","2013-03-09",
"David","Kibler","2012-09-11",
"David","Lafferty","2013-08-25",
"David","Matheny","2012-10-10",
"David","McKinney","2012-12-13",
"David","McPeak","2013-05-19",
"David","Mills","2013-07-20",
"David","Morales","2013-06-11",
"David","Munoz","2013-06-18",
"David","Nestor","2013-02-22",
"David","Nunez","2012-10-21",
"David","Painter","2012-09-13",
"David","Peck","2013-07-02",
"David","Perryman","2013-03-15",
"David","Petersen","2013-06-09",
"David","Powell","2012-09-16",
"David","Ramos","2013-07-24",
"David","Richardson","2013-08-07",
"David","Roybal","2012-10-03",
"David","Scruggs","2013-07-16",
"David","Self","2012-10-23",
"David","Sharp","2013-01-09",
"David","Sharp","2013-07-12",
"David","Smith","2012-11-16",
"David","Sonnenberg","2013-04-14",
"David","Springer","2012-11-11",
"David","Steven","2012-09-27",
"David","Thompson","2012-09-06",
"David","Turley","2013-06-30",
"David","Vallejo","2013-06-16",
"David","Villegas","2013-06-02",
"David","Walters","2013-06-25",
"David","Webster","2013-08-29",
"David","Wilkinson","2013-04-14",
"David","Williams","2012-10-11",
"David","Wright","2013-05-23",
"David","Yang","2013-04-14",
"David","Young","2012-10-20",
"David","Young","2013-08-12",
"David","Ziegler","2012-12-03",
"Davis","Castleberry","2013-08-09",
"Dawn","Mills","2013-03-29",
"Dean","Jones","2013-08-04",
"Dean","Warren","2013-02-07",
"Debbie","Flynn","2013-02-22",
"Deborah","Bixby","2013-07-04",
"Deborah","Gibson","2013-01-29",
"Deborah","Hauck","2013-07-03",
"Deborah","Jasper","2012-11-21",
"Deborah","Polk","2013-03-10",
"Debra","Auman","2013-07-01",
"Debra","Damico","2012-11-14",
"Delmer","Puryear","2013-06-02",
"Delmer","Swindell","2013-03-29",
"Demetrius","Moyer","2013-08-30",
"Denis","Snowden","2013-07-28",
"Denise","Graves","2013-01-14",
"Denise","Yuan","2013-03-06",
"Denisha","Grill","2013-02-12",
"Dennis","Alexander","2013-06-04",
"Dennis","Begley","2013-01-09",
"Dennis","Copley","2012-12-23",
"Dennis","Elliott","2012-09-29",
"Dennis","Hamer","2013-06-02",
"Dennis","Horne","2012-09-17",
"Dennis","Isabelle","2012-11-05",
"Dennis","Johnson","2013-03-20",
"Dennis","Johnson","2013-05-24",
"Dennis","Knapp","2013-05-18",
"Dennis","Lowrey","2012-10-02",
"Dennis","Meister","2013-04-16",
"Dennis","Murphy","2013-07-05",
"Dennis","Schmidt","2013-03-05",
"Denny","Ballesteros","2013-06-30",
"Derek","Coyle","2013-08-20",
"Derek","Rickert","2012-12-07",
"Derek","Tomblin","2013-06-14",
"Derrick","Davidson","2013-06-17",
"Derrick","Powell","2012-09-28",
"Derrick","Wilcox","2013-02-11",
"Derrick","Winnie","2012-11-23",
"Devon","Bleich","2013-03-25",
"Dexter","Wechsler","2012-10-04",
"Diana","Fuentes","2013-05-26",
"Diana","Jackman","2013-04-05",
"Diana","Patterson","2013-04-23",
"Diane","Grande","2013-07-25",
"Diane","Neveu","2012-09-13",
"Dolores","Lange","2013-04-10",
"Don","Collins","2013-07-30",
"Don","Sheldon","2013-05-14",
"Dona","Kohlmeier","2012-12-18",
"Donald","Banes","2012-12-24",
"Donald","Brenner","2013-06-05",
"Donald","Brooks","2013-04-23",
"Donald","Carmody","2012-11-29",
"Donald","Colon","2013-05-17",
"Donald","Cortes","2012-11-17",
"Donald","Creasman","2013-06-24",
"Donald","Findley","2012-10-18",
"Donald","Gregory","2012-12-18",
"Donald","Hammond","2012-11-10",
"Donald","Heard","2013-05-30",
"Donald","Marquez","2013-06-04",
"Donald","Massie","2012-12-16",
"Donald","Meany","2012-11-10",
"Donald","Moore","2013-04-05",
"Donald","Navarro","2013-04-29",
"Donald","Nicholas","2013-03-17",
"Donald","Pearson","2013-05-30",
"Donald","Pennington","2013-02-24",
"Donald","Quintero","2013-03-24",
"Donald","Ramos","2013-08-29",
"Donald","Reid","2012-11-18",
"Donald","Richardson","2013-07-26",
"Donald","Rumfelt","2013-06-07",
"Donald","Skiba","2013-01-09",
"Donald","Story","2013-04-04",
"Donald","Vargas","2013-06-15",
"Donald","Whitehead","2012-11-04",
"Donald","Whittaker","2012-11-25",
"Donald","Wilson","2012-12-09",
"Donald","Zeitler","2013-06-02",
"Donna","Bratten","2013-02-11",
"Donna","Forsberg","2013-05-23",
"Donna","Spivey","2013-03-21",
"Donna","White","2012-11-05",
"Dora","Hart","2012-10-23",
"Doreen","Walker","2012-10-05",
"Dorian","Moore","2013-02-17",
"Doris","Angle","2013-04-11",
"Doris","Buckman","2012-11-01",
"Doris","Krout","2013-08-28",
"Doris","Sanderson","2013-07-28",
"Doris","Wagner","2012-11-30",
"Dorothy","Aquino","2013-04-03",
"Dorothy","Davidson","2013-01-25",
"Dorothy","Hill","2013-07-16",
"Dorothy","Ramey","2012-10-28",
"Dorothy","Wolfe","2012-12-29",
"Dorothy","Wray","2012-09-06",
"Dortha","Rivera","2012-09-09",
"Douglas","Diaz","2013-01-05",
"Douglas","Huff","2012-12-05",
"Douglas","Railsback","2013-08-11",
"Douglas","Sorrells","2013-03-13",
"Douglas","Villanueva","2012-11-02",
"Douglas","Williams","2013-05-27",
"Doyle","Rollins","2013-02-12",
"Duane","Binette","2012-10-22",
"Duane","Griffin","2012-11-09",
"Duane","Mundy","2013-03-06",
"Duane","Stone","2013-07-08",
"Dustin","Seng","2013-08-22",
"Dwayne","Polk","2013-05-19",
"Dwight","Davis","2013-05-27",
"Dwight","Kraatz","2013-04-30",
"Dwight","Sheehan","2013-03-14",
"Earl","Lloyd","2013-03-24",
"Earl","Nelson","2013-03-18",
"Earl","Northcutt","2012-12-27",
"Earl","Stone","2013-04-05",
"Earnest","Blake","2013-08-16",
"Ed","Arias","2013-01-08",
"Eddie","Dean","2012-11-11",
"Eddie","Eisenhart","2013-01-21",
"Eddie","Kiker","2013-08-04",
"Eddie","Rayes","2012-09-30",
"Eddie","Rivera","2013-02-27",
"Eddie","Waldrop","2013-03-05",
"Edelmira","Tartaglia","2012-12-17",
"Edgar","Ojeda","2012-12-27",
"Edna","Heatherly","2013-02-21",
"Edward","Adames","2013-03-25",
"Edward","Benoit","2012-09-05",
"Edward","Boggs","2012-11-26",
"Edward","Brandon","2013-01-30",
"Edward","Camara","2013-03-24",
"Edward","Chance","2012-12-13",
"Edward","Choi","2013-08-03",
"Edward","Cordell","2012-11-22",
"Edward","Darden","2013-08-13",
"Edward","East","2012-10-08",
"Edward","Flores","2013-03-08",
"Edward","Frame","2013-04-05",
"Edward","Hilton","2013-04-23",
"Edward","Jones","2012-09-29",
"Edward","Lamson","2012-11-02",
"Edward","Oster","2013-06-10",
"Edward","Pruneda","2012-10-04",
"Edward","Ricci","2013-05-30",
"Edward","Roden","2012-09-06",
"Edward","Rojas","2013-01-07",
"Edward","Sluder","2012-10-26",
"Edward","Vandyke","2013-08-28",
"Edwin","Dickenson","2013-04-14",
"Edwin","Parker","2012-10-01",
"Edwin","Tuck","2012-09-29",
"Effie","Rowland","2013-04-17",
"Efrain","Neal","2013-04-12",
"Eileen","Gist","2013-01-04",
"Elaine","Ware","2013-01-14",
"Elbert","Rowe","2013-02-13",
"Eldon","Robinson","2013-06-10",
"Eleanora","Corman","2013-06-15",
"Elias","Hall","2013-01-11",
"Elias","Whitacre","2012-12-05",
"Elizabeth","Glenn","2013-07-21",
"Elizabeth","Lei","2012-09-25",
"Elizabeth","McGuire","2013-06-08",
"Elizabeth","Perez","2012-11-04",
"Ellen","Dawson","2013-06-29",
"Ellen","Palacios","2013-01-01",
"Elliott","Harris","2012-11-07",
"Elliott","Miguel","2013-04-22",
"Elmer","Dane","2013-07-03",
"Elmer","Torres","2012-11-08",
"Elsa","Hill","2012-12-09",
"Elsie","Tate","2012-09-27",
"Elvie","Black","2013-06-29",
"Elvira","Torres","2013-01-07",
"Elvis","Saltz","2013-04-19",
"Emery","Rawlings","2012-09-05",
"Emile","Hickman","2013-06-19",
"Emily","Davis","2012-09-09",
"Emily","Stanford","2013-02-11",
"Emma","Bohannon","2013-03-01",
"Emmanuel","Wojcik","2013-01-06",
"Emmett","Behr","2013-05-10",
"Emmett","Newman","2013-01-30",
"Enrique","Cuffie","2013-03-05",
"Enrique","Lopez","2012-09-23",
"Eric","Carroll","2013-07-02",
"Eric","Cramer","2013-03-31",
"Eric","Evans","2013-06-09",
"Eric","Fisher","2013-03-14",
"Eric","Hart","2013-03-12",
"Eric","Jones","2012-10-21",
"Eric","Maloney","2013-03-16",
"Eric","McPherson","2013-08-07",
"Eric","Miller","2012-09-20",
"Eric","Peterson","2013-07-07",
"Eric","Salinas","2012-12-21",
"Eric","Solorzano","2013-03-12",
"Eric","Walsh","2013-01-22",
"Erica","Hatfield","2012-11-19",
"Erich","Little","2012-12-06",
"Erick","Born","2013-08-08",
"Erick","Dumas","2013-02-26",
"Erik","Alaniz","2013-06-18",
"Erik","Conner","2012-12-18",
"Erik","Fletcher","2013-06-12",
"Erin","Adams","2013-02-21",
"Erna","Pray","2013-05-09",
"Ernest","Bowman","2012-10-24",
"Ernest","Branson","2013-03-28",
"Ernest","Fournier","2012-10-06",
"Ernest","Guevara","2012-11-25",
"Ernest","Rodriguez","2013-01-07",
"Ernestine","Williams","2012-10-10",
"Ernesto","Brothers","2013-06-04",
"Ernesto","Guest","2012-12-01",
"Ervin","Lindsey","2013-05-26",
"Estelle","Rhynes","2013-02-24",
"Ethan","Sells","2012-10-08",
"Ethan","Weishaar","2012-11-15",
"Ethel","Cargill","2013-03-16",
"Ethel","Ferrara","2013-02-14",
"Eugene","Frye","2012-12-20",
"Eugene","Gamble","2012-11-22",
"Eugene","Ledoux","2012-11-19",
"Eugene","Motyka","2013-04-18",
"Eugene","Ruhland","2013-03-07",
"Eugene","Trahan","2013-01-17",
"Eugenio","Leigh","2013-02-04",
"Eunice","Johnson","2013-03-15",
"Eva","Cook","2013-06-02",
"Evan","McCarroll","2013-07-22",
"Evan","Walker","2012-10-02",
"Evelin","Collins","2013-04-14",
"Evelyn","Burns","2013-05-26",
"Evelyn","McDaniel","2013-05-15",
"Everett","Busby","2012-11-04",
"Everett","Chapman","2013-08-07",
"Everett","Fitch","2013-08-17",
"Everett","McNeal","2013-02-06",
"Everett","Zimmermann","2012-12-01",
"Fabian","Spurlock","2013-02-27",
"Fay","Henrickson","2012-10-26",
"Felicia","Gidney","2013-02-07",
"Felicita","Wright","2013-04-18",
"Felipe","Hand","2013-03-14",
"Felipe","Paulino","2012-12-14",
"Felix","Hamm","2013-05-09",
"Fernando","Brown","2012-11-17",
"Fernando","Pollard","2013-01-05",
"Filiberto","Milliken","2013-08-05",
"Florencio","Thompson","2013-05-03",
"Florentino","Ellison","2012-12-08",
"Flossie","Floyd","2013-07-17",
"Floyd","Bond","2012-11-25",
"Floyd","Chapdelaine","2013-08-02",
"Floyd","Deal","2012-10-15",
"Floyd","Deal","2012-12-30",
"Forrest","Wike","2012-11-08",
"Frances","Levay","2013-08-09",
"Frances","Shaffer","2012-10-02",
"Francis","Conrad","2013-05-26",
"Francis","Hamer","2012-09-01",
"Francisco","Blumberg","2013-02-24",
"Francisco","Evans","2013-04-06",
"Francisco","Gray","2013-07-18",
"Francisco","Harman","2013-06-11",
"Frank","Alexander","2013-04-28",
"Frank","Berry","2013-04-19",
"Frank","Breshears","2012-09-27",
"Frank","Castellanos","2013-02-28",
"Frank","Derouen","2013-03-07",
"Frank","Fitzpatrick","2013-08-17",
"Frank","Fredrick","2013-01-05",
"Frank","Garcia","2013-07-28",
"Frank","Guerrero","2013-07-27",
"Frank","Hodges","2013-08-08",
"Frank","Hoskins","2013-07-29",
"Frank","Kallas","2013-05-14",
"Frank","Kaplan","2013-06-28",
"Frank","Kardos","2013-03-14",
"Frank","Larsen","2012-12-12",
"Frank","Maddox","2013-05-03",
"Frank","Moore","2012-09-16",
"Frank","Morgan","2013-01-18",
"Frank","Peters","2013-06-01",
"Frank","Schwab","2013-07-04",
"Frank","Simmons","2013-07-18",
"Frank","Washington","2013-06-24",
"Frank","Wright","2012-09-17",
"Franklin","Noyes","2012-12-25",
"Franklin","Odle","2013-06-10",
"Franklin","Rowland","2013-05-29",
"Franklin","Sharp","2013-05-26",
"Franklin","Shelton","2013-08-24",
"Fred","Novak","2013-07-03",
"Fred","Park","2013-07-08",
"Fred","Thompson","2012-10-27",
"Fred","Zimmerman","2013-07-15",
"Frederick","Gilbert","2012-12-20",
"Frederick","Johnson","2013-06-05",
"Frederick","Lee","2012-09-01",
"Frederick","Wolfe","2013-04-22",
"Fredrick","Lee","2012-09-27",
"Fredrick","Nicely","2013-08-11",
"Gabriel","Bailey","2013-08-20",
"Gabriel","Baker","2012-12-11",
"Gabriel","Lashley","2013-08-18",
"Gabriela","Wilson","2012-10-03",
"Gail","Grover","2013-03-12",
"Gale","George","2013-03-20",
"Garland","Bock","2013-01-08",
"Gary","Benjamin","2012-12-07",
"Gary","Campbell","2012-11-05",
"Gary","Gimenez","2013-04-02",
"Gary","Houghton","2013-05-29",
"Gary","Houston","2013-03-20",
"Gary","Jones","2012-10-05",
"Gary","Merritt","2013-08-23",
"Gary","Montoya","2013-05-12",
"Gary","Morrow","2013-05-20",
"Gary","White","2013-07-23",
"Gary","Williams","2013-03-07",
"Genaro","Cook","2012-10-27",
"Gene","Sotelo","2013-02-18",
"Geoffrey","Hussain","2013-05-20",
"Geoffrey","Reece","2013-05-03",
"George","Bradley","2012-10-27",
"George","Cargill","2013-01-20",
"George","Carruthers","2013-06-20",
"George","Chesnut","2013-02-15",
"George","Cooper","2013-04-28",
"George","Cruz","2012-12-03",
"George","Cummings","2013-05-24",
"George","Gagnon","2013-06-14",
"George","Garcia","2012-10-22",
"George","Hoehn","2012-09-17",
"George","Hoover","2013-04-25",
"George","Leon","2013-04-20",
"George","Mendoza","2013-05-04",
"George","Mullens","2013-07-24",
"George","Nickerson","2013-02-04",
"George","Olmo","2013-04-25",
"George","Scott","2013-01-15",
"George","Scott","2013-06-25",
"George","Stephens","2013-06-10",
"George","Su","2013-07-02",
"George","Vargas","2013-05-06",
"George","Walker","2012-10-01",
"George","Wheaton","2013-05-28",
"George","Winstead","2012-09-25",
"Georgia","Williams","2013-08-30",
"Gerald","Anderson","2013-02-19",
"Gerald","Guerra","2013-06-04",
"Gerald","Gutierrez","2013-06-29",
"Gerald","Holden","2013-03-04",
"Gerald","Isaacson","2012-10-26",
"Gerald","Kruger","2012-10-12",
"Gerald","Moran","2012-10-10",
"Gerald","Morris","2013-01-03",
"Gerald","Phillips","2013-03-08",
"Gerald","Ritchie","2012-09-13",
"Gerald","Santana","2012-11-24",
"Gerald","Somers","2013-02-12",
"Gerald","Sullivan","2013-08-28",
"Geraldine","Levesque","2013-07-24",
"Gerardo","Langlinais","2013-01-14",
"Gerardo","Weaver","2012-12-06",
"Gerri","Bailey","2013-02-10",
"Gilbert","Croyle","2013-08-13",
"Ginger","Coward","2013-03-12",
"Gisele","Anderson","2013-06-15",
"Gladys","Clark","2013-04-09",
"Glen","Jacobs","2012-10-25",
"Glen","Mitchell","2012-10-24",
"Glenn","Chavez","2012-11-08",
"Glenn","Cummins","2013-02-13",
"Glenn","Porter","2013-07-28",
"Gloria","Gilmore","2013-05-19",
"Gloria","Moore","2012-10-11",
"Gordon","Doolan","2013-05-13",
"Gordon","Garcia","2013-06-15",
"Grace","Callicoat","2012-09-02",
"Grace","Doss","2013-04-26",
"Grace","Leach","2012-11-30",
"Grace","Roling","2012-09-02",
"Graig","Ramirez","2012-09-28",
"Grant","Roberson","2013-03-15",
"Greg","Hough","2013-04-21",
"Greg","Phillips","2013-08-27",
"Greg","Roldan","2013-03-31",
"Greg","Yates","2012-10-16",
"Gregory","Brown","2012-12-11",
"Gregory","Galindo","2013-04-25",
"Gregory","Kelly","2012-12-19",
"Gregory","Phelps","2013-08-29",
"Gregory","Smith","2012-12-26",
"Gregory","Stahlman","2013-07-12",
"Grover","Maske","2013-05-05",
"Guadalupe","Brooke","2013-06-04",
"Guadalupe","Griggs","2012-11-15",
"Guillermo","Holmes","2013-02-18",
"Guillermo","Moyer","2012-12-17",
"Guy","Allen","2013-08-20",
"Guy","Magee","2013-04-18",
"Guy","Matthews","2013-06-02",
"Haley","Jones","2012-10-18",
"Hans","Burkett","2012-11-28",
"Harold","Briggs","2013-03-08",
"Harold","Christman","2012-09-22",
"Harold","Cox","2013-04-15",
"Harold","Cruz","2013-07-26",
"Harold","Herndon","2013-01-14",
"Harold","Sanders","2013-01-01",
"Harold","White","2013-05-27",
"Harold","You","2013-07-13",
"Harriet","McCracken","2012-12-18",
"Harry","Bracey","2013-03-17",
"Harry","Cornman","2013-05-14",
"Harry","Gagne","2013-07-05",
"Harry","Howard","2012-12-15",
"Harry","Mars","2013-03-20",
"Harry","Spenser","2012-12-06",
"Harvey","Ledbetter","2013-04-22",
"Hassan","Wooten","2013-03-27",
"Hazel","Kempf","2013-02-11",
"Heather","Sherwood","2013-07-15",
"Heather","Swift","2012-10-20",
"Helen","Branton","2013-07-20",
"Helen","Wolff","2012-10-02",
"Helga","Post","2012-12-20",
"Henry","Anderson","2013-03-01",
"Henry","Cameron","2013-05-03",
"Henry","Espinoza","2013-08-14",
"Henry","Kimbrough","2013-02-07",
"Henry","Mullins","2013-01-04",
"Henry","Rodriguez","2012-09-23",
"Henry","Saenz","2013-07-01",
"Henry","Smith","2013-04-05",
"Henry","Wells","2013-08-21",
"Henry","Wyman","2013-04-08",
"Herbert","Blankenship","2012-09-28",
"Herbert","Eggert","2013-06-29",
"Herbert","Sanchez","2012-10-17",
"Herbert","Williams","2013-07-05",
"Hilton","Perez","2012-09-14",
"Holly","Cintron","2012-11-12",
"Homer","Rodgers","2012-09-29",
"Horace","Bradshaw","2012-11-28",
"Howard","Freeman","2013-08-29",
"Howard","Pal","2013-05-14",
"Howard","Stanton","2012-11-28",
"Huey","Schmidt","2013-07-09",
"Hugh","Bottoms","2013-08-28",
"Hugh","Jones","2012-10-17",
"Hugh","Sansone","2012-11-11",
"Humberto","White","2013-02-13",
"Ian","Morgan","2012-12-26",
"Ira","Dickens","2013-07-28",
"Irma","Hudson","2013-08-13",
"Isaac","Jarrett","2012-10-13",
"Isaac","McLean","2012-10-05",
"Isaac","Stephens","2012-09-08",
"Isabell","Sachs","2013-07-06",
"Issac","King","2013-02-26",
"Ivan","Cohen","2013-01-26",
"Jack","Arnold","2013-03-06",
"Jack","Cole","2012-11-19",
"Jack","Lopez","2012-11-10",
"Jack","Overman","2012-09-14",
"Jack","Patrick","2012-12-02",
"Jack","Saum","2012-11-08",
"Jack","So","2013-04-03",
"Jack","Sosa","2013-08-20",
"Jack","Watkins","2012-09-25",
"Jackie","Landry","2013-08-17",
"Jackie","Wellman","2013-04-05",
"Jackson","Perryman","2013-06-30",
"Jacob","Davenport","2012-09-01",
"Jacob","Peterson","2012-11-06",
"Jacob","White","2012-10-30",
"Jade","Sarmiento","2013-01-01",
"Jaime","Crowe","2013-08-03",
"Jaime","Hayes","2013-05-01",
"Jamar","McCrory","2013-01-25",
"Jame","Andres","2013-01-20",
"James","Alves","2013-03-10",
"James","Angel","2013-02-02",
"James","Baldwin","2013-03-27",
"James","Bear","2013-03-09",
"James","Bellamy","2013-05-31",
"James","Bond","2013-03-04",
"James","Box","2013-07-26",
"James","Brown","2013-07-26",
"James","Brunt","2013-08-13",
"James","Butcher","2012-09-27",
"James","Carter","2013-07-31",
"James","Cherry","2013-05-02",
"James","Cortez","2012-09-21",
"James","Cosby","2012-12-15",
"James","Cox","2012-10-21",
"James","Crosby","2013-03-11",
"James","Decker","2013-04-02",
"James","Diaz","2012-11-04",
"James","Elizondo","2013-05-23",
"James","Eng","2012-12-03",
"James","Fee","2013-02-20",
"James","Ferrell","2012-12-26",
"James","Flynn","2013-07-21",
"James","Fox","2013-06-24",
"James","Frierson","2013-03-12",
"James","Garcia","2013-06-01",
"James","Gatewood","2013-01-13",
"James","Gonzalez","2013-02-16",
"James","Gulley","2012-09-27",
"James","Hagler","2013-03-16",
"James","Hall","2012-10-24",
"James","Hall","2013-02-07",
"James","Hart","2013-05-22",
"James","Hendrickson","2013-01-22",
"James","Herndon","2013-06-27",
"James","Hicks","2012-12-25",
"James","Hill","2013-05-10",
"James","Hillman","2012-09-05",
"James","Hubler","2012-10-28",
"James","Irick","2012-11-24",
"James","Jackson","2013-04-09",
"James","Jackson","2013-04-30",
"James","Johnson","2013-06-05",
"James","Johnson","2013-07-15",
"James","Jones","2012-09-14",
"James","Jones","2012-10-31",
"James","Keel","2012-09-04",
"James","Kim","2013-08-21",
"James","Lawson","2013-05-05",
"James","Leath","2013-04-15",
"James","Lombardo","2013-08-31",
"James","Markovich","2012-12-13",
"James","Marshall","2012-11-22",
"James","McMillian","2012-11-15",
"James","Meredith","2013-01-24",
"James","Merrow","2013-02-01",
"James","Mo","2013-03-09",
"James","Moore","2013-06-30",
"James","Noe","2013-02-25",
"James","Noonkester","2013-01-18",
"James","Parmley","2012-09-18",
"James","Pena","2013-02-26",
"James","Plunk","2012-09-09",
"James","Pulley","2013-04-19",
"James","Raley","2013-05-15",
"James","Reed","2013-04-27",
"James","Rexford","2013-08-31",
"James","Romano","2012-10-06",
"James","Roudebush","2012-11-11",
"James","Runge","2012-11-13",
"James","Scherr","2013-02-23",
"James","Scott","2012-10-15",
"James","Sinclair","2013-03-11",
"James","Snyder","2012-11-07",
"James","Spruill","2013-07-02",
"James","Thompson","2012-11-27",
"James","Thompson","2013-07-14",
"James","Weber","2012-10-23",
"James","Weber","2013-07-19",
"James","Wilkes","2013-06-07",
"James","Wilson","2012-10-15",
"James","York","2013-03-14",
"Jamie","McGuire","2013-01-13",
"Jane","Lundstrom","2013-05-27",
"Jane","Steinberg","2013-03-11",
"Janet","Porter","2013-05-20",
"Janice","Monroe","2013-02-08",
"Janice","Smith","2013-04-28",
"Jannette","Jennings","2013-03-29",
"Jannie","Mullins","2013-01-22",
"Jared","Clancy","2012-09-28",
"Jared","Hurley","2013-06-17",
"Jared","Morant","2012-09-27",
"Jarrod","Allen","2013-05-22",
"Jason","Dessert","2012-09-20",
"Jason","Diep","2012-11-16",
"Jason","Frisby","2013-07-06",
"Jason","Griego","2012-12-19",
"Jason","Guerrero","2013-08-05",
"Jason","Hartman","2013-01-28",
"Jason","Hernandez","2013-06-14",
"Jason","Midgett","2013-05-22",
"Jason","Reel","2013-03-01",
"Jason","Smith","2013-08-12",
"Jason","Tremaine","2013-06-09",
"Jason","Wheeler","2013-02-26",
"Jason","Wilson","2013-06-07",
"Jason","Woods","2013-04-19",
"Javier","Edgar","2012-11-01",
"Javier","Lynch","2013-05-13",
"Javier","Martinez","2012-11-10",
"Javier","Moyer","2012-10-15",
"Javier","Young","2013-04-05",
"Jay","Amick","2013-06-07",
"Jay","Conkling","2012-11-30",
"Jay","Delaney","2013-04-03",
"Jay","Hendley","2013-04-11",
"Jay","Rogan","2013-06-01",
"Jay","Rose","2013-03-26",
"Jean","Blalock","2012-10-01",
"Jean","Dobbins","2012-09-17",
"Jeannette","Saenz","2013-05-10",
"Jeff","Aragon","2013-08-30",
"Jeff","Gilmore","2013-05-19",
"Jeff","Moreno","2013-03-17",
"Jeff","Perkins","2013-07-25",
"Jeff","Volz","2013-05-15",
"Jeffery","Kelly","2012-09-28",
"Jeffery","Pray","2013-04-08",
"Jeffery","Vargas","2013-03-24",
"Jeffrey","Blount","2013-06-29",
"Jeffrey","Bower","2012-09-18",
"Jeffrey","Brinson","2013-03-16",
"Jeffrey","Collins","2012-11-24",
"Jeffrey","Cottrill","2013-08-14",
"Jeffrey","Guzman","2012-11-22",
"Jeffrey","Hamm","2013-01-10",
"Jeffrey","Harmon","2012-12-20",
"Jeffrey","Lindberg","2012-11-18",
"Jeffrey","Maddox","2013-06-02",
"Jeffrey","Reinke","2012-10-25",
"Jennie","Candler","2012-10-21",
"Jennie","Hubbard","2013-01-14",
"Jennifer","Bissette","2013-01-09",
"Jennifer","Gerson","2013-04-10",
"Jennifer","Hardesty","2012-09-25",
"Jennifer","Menard","2013-06-10",
"Jennifer","Mesta","2013-01-03",
"Jennifer","Repass","2012-10-03",
"Jennifer","Spinks","2012-09-17",
"Jennifer","Yow","2012-12-10",
"Jeremy","Drum","2013-02-14",
"Jeremy","Eddy","2012-12-15",
"Jeremy","Harrison","2013-02-06",
"Jeremy","Newton","2012-12-20",
"Jeremy","Vasser","2012-12-13",
"Jerome","Conner","2013-03-18",
"Jerome","Spurrier","2013-08-14",
"Jerome","Young","2012-11-25",
"Jerry","Baker","2013-03-09",
"Jerry","Bodily","2012-09-12",
"Jerry","Hansen","2013-05-11",
"Jerry","Holliday","2013-04-23",
"Jerry","Kee","2013-04-21",
"Jerry","King","2013-05-10",
"Jerry","Lindsey","2013-07-16",
"Jerry","Moore","2012-10-11",
"Jerry","Owens","2013-04-19",
"Jerry","Prince","2013-03-24",
"Jerry","Rogers","2013-03-14",
"Jesse","Shockey","2013-03-07",
"Jessica","Chang","2013-07-20",
"Jessica","Garland","2013-05-03",
"Jessica","Hope","2013-04-06",
"Jessica","Mosely","2013-04-26",
"Jessica","Sanchez","2012-11-10",
"Jessie","Green","2013-04-09",
"Jessie","Wade","2013-05-18",
"Jesus","Andresen","2013-07-15",
"Jesus","Benfield","2012-11-24",
"Jesus","Hawke","2012-11-11",
"Jesus","Hoover","2012-11-02",
"Jesus","McCrae","2013-07-06",
"Jill","Salazar","2012-10-08",
"Jill","West","2012-10-07",
"Jim","Plaza","2013-08-05",
"Jimmy","Bozeman","2013-03-07",
"Jimmy","Dufrene","2012-10-28",
"Jimmy","Hanson","2013-07-12",
"Jimmy","Vance","2012-11-27",
"Jimmy","Weeks","2013-04-11",
"Joan","Goodner","2012-10-11",
"Joan","Welch","2013-05-05",
"Joan","Williams","2013-08-04",
"Joanne","Garrison","2013-05-25",
"Jodie","Zak","2013-08-24",
"Jody","Crowell","2013-05-04",
"Jody","Williams","2013-05-26",
"Joe","Duncan","2012-10-15",
"Joe","Green","2012-09-28",
"Joe","Holmes","2013-01-09",
"Joe","Jones","2013-04-20",
"Joe","Schreiner","2013-08-30",
"Joe","Sims","2013-04-19",
"Joel","Amburgey","2013-05-04",
"Joel","Bearden","2013-01-04",
"Joel","Thomas","2013-07-09",
"Joel","York","2013-06-08",
"Joey","Moore","2013-06-05",
"Joey","Morgan","2012-09-20",
"Joey","Tyler","2013-01-11",
"John","Banks","2013-02-24",
"John","Barrett","2013-07-04",
"John","Bates","2013-06-17",
"John","Becker","2012-09-13",
"John","Berryman","2013-03-04",
"John","Black","2013-04-26",
"John","Brooks","2013-08-24",
"John","Burris","2012-11-30",
"John","Carroll","2013-03-10",
"John","Carrow","2013-04-12",
"John","Chandler","2012-11-05",
"John","Chaney","2012-11-01",
"John","Cheatwood","2013-05-27",
"John","Cooper","2013-05-07",
"John","Corbin","2012-12-31",
"John","Cyphers","2012-10-10",
"John","Darrington","2013-07-29",
"John","Davis","2012-09-27",
"John","Davis","2013-06-20",
"John","Dejesus","2013-02-03",
"John","Estrada","2012-12-17",
"John","Everette","2013-03-11",
"John","Fancher","2013-02-19",
"John","Fernandez","2013-08-05",
"John","Fisher","2013-01-18",
"John","Flannery","2012-11-01",
"John","Gill","2012-11-24",
"John","Ginsberg","2013-08-03",
"John","Graves","2013-04-03",
"John","Hendrickson","2012-11-30",
"John","Hennessey","2013-02-16",
"John","Howard","2012-09-01",
"John","Hutchinson","2013-07-26",
"John","Jackson","2013-05-30",
"John","Jensen","2013-03-21",
"John","Kennedy","2013-07-29",
"John","Lahti","2012-09-03",
"John","Landers","2012-09-05",
"John","Leary","2013-03-16",
"John","Lilley","2013-06-07",
"John","Loyd","2013-03-04",
"John","Mayo","2013-03-10",
"John","McAllister","2013-04-21",
"John","McIntyre","2013-01-12",
"John","Miles","2013-07-24",
"John","Miller","2012-09-29",
"John","Mullis","2013-02-27",
"John","Muro","2013-06-23",
"John","Neal","2012-10-04",
"John","Nelson","2012-09-27",
"John","Noel","2013-04-02",
"John","Oliver","2013-03-27",
"John","Perez","2012-09-14",
"John","Peterson","2013-05-02",
"John","Reiff","2013-03-22",
"John","Ricks","2013-03-10",
"John","Rivera","2012-10-18",
"John","Ross","2013-06-22",
"John","Russ","2013-05-29",
"John","Ryan","2013-02-21",
"John","Sanders","2012-09-05",
"John","Segundo","2013-04-15",
"John","Sever","2013-08-06",
"John","Skidmore","2012-10-24",
"John","Sowers","2013-08-28",
"John","Stcyr","2013-05-10",
"John","TRUE","2013-04-21",
"John","Thompson","2013-05-13",
"John","Tolbert","2013-01-31",
"John","Treadway","2013-05-11",
"John","Vickers","2012-11-03",
"John","Whitmer","2013-03-03",
"John","Wilson","2013-02-19",
"Johnathan","Dalley","2013-06-09",
"Johnathon","Hand","2013-01-12",
"Johnnie","Andrews","2013-04-28",
"Johnnie","Hack","2012-09-28",
"Johnnie","Jacks","2013-03-08",
"Johnny","Condon","2013-03-05",
"Johnny","Fogle","2013-07-27",
"Johnny","Latham","2013-06-29",
"Johnny","Navarro","2013-04-04",
"Jon","Sepe","2013-05-02",
"Jon","Stmartin","2013-05-05",
"Jonathan","Barnes","2012-12-25",
"Jonathan","Baxter","2012-10-27",
"Jonathan","Howard","2013-07-27",
"Jonathan","Rodriguez","2012-11-22",
"Jonathan","Sthilaire","2013-07-14",
"Jonathan","Walls","2012-10-16",
"Jonathan","Washington","2012-11-26",
"Jordan","Johnson","2012-10-03",
"Jorge","Miller","2013-03-19",
"Jose","Ballard","2013-03-10",
"Jose","Blair","2013-02-26",
"Jose","Blair","2013-04-14",
"Jose","Darnell","2013-08-04",
"Jose","Frank","2013-02-14",
"Jose","Gregory","2012-09-12",
"Jose","Ide","2013-01-19",
"Jose","Jackson","2013-06-24",
"Jose","Jordan","2013-02-08",
"Jose","Mullican","2013-07-31",
"Jose","Orange","2013-03-23",
"Jose","Pearson","2013-01-24",
"Jose","West","2013-06-14",
"Jose","Whitfield","2012-10-24",
"Josefina","Miller","2013-03-16",
"Joseph","Alonso","2013-06-13",
"Joseph","Arnette","2013-07-15",
"Joseph","Bonfiglio","2013-06-01",
"Joseph","Bradwell","2012-10-29",
"Joseph","Brady","2013-04-24",
"Joseph","Caldwell","2012-10-22",
"Joseph","Casares","2013-06-29",
"Joseph","Edwards","2013-05-17",
"Joseph","Fowles","2013-03-19",
"Joseph","Frazier","2013-02-28",
"Joseph","Freeman","2013-07-24",
"Joseph","Frink","2013-06-30",
"Joseph","Gephart","2013-05-03",
"Joseph","Gonzalez","2012-11-19",
"Joseph","Hardin","2013-04-11",
"Joseph","Hargis","2012-09-12",
"Joseph","Hayes","2012-12-23",
"Joseph","Hill","2012-10-16",
"Joseph","Holman","2012-10-25",
"Joseph","Hudson","2013-04-09",
"Joseph","Huling","2012-10-20",
"Joseph","James","2013-03-24",
"Joseph","Johnson","2013-02-05",
"Joseph","Jones","2012-11-15",
"Joseph","Jones","2013-03-21",
"Joseph","McCormick","2013-07-02",
"Joseph","Milligan","2013-01-28",
"Joseph","Murphy","2013-08-23",
"Joseph","Perry","2013-08-04",
"Joseph","Randall","2013-08-21",
"Joseph","Rochester","2013-05-07",
"Joseph","Rogers","2012-10-04",
"Joseph","Shockley","2012-09-11",
"Joseph","Smith","2013-01-24",
"Joseph","Sosa","2012-09-12",
"Joseph","Stephens","2012-09-24",
"Joseph","Stevens","2012-10-28",
"Joseph","Thomas","2012-09-17",
"Joseph","Tucker","2012-10-31",
"Joseph","Villarreal","2013-01-17",
"Joseph","Yedinak","2013-06-10",
"Josh","Chau","2013-08-17",
"Josh","Friedman","2013-04-09",
"Joshua","Armentrout","2013-01-24",
"Joshua","Brockman","2013-07-26",
"Joshua","Gooden","2013-02-03",
"Joshua","Hale","2013-06-22",
"Joshua","Lamb","2013-05-21",
"Joshua","Ridenour","2012-10-15",
"Joshua","Rocco","2013-08-06",
"Joshua","Valencia","2013-08-20",
"Joshua","Villicana","2013-07-31",
"Joy","Moody","2013-07-19",
"Joy","Taylor","2012-11-20",
"Joya","Whitley","2013-08-26",
"Joyce","Alanis","2012-10-28",
"Joyce","Bachus","2013-08-23",
"Joyce","Cooksey","2013-01-10",
"Joyce","Defrancisco","2013-06-08",
"Joyce","Martin","2013-07-04",
"Joyce","Rhymes","2013-08-21",
"Juan","Barger","2013-08-05",
"Juan","Chaney","2013-02-23",
"Juan","Hardwick","2012-09-10",
"Juan","Meyers","2012-11-29",
"Juan","Millner","2012-10-02",
"Juan","Williams","2012-09-03",
"Juanita","Moton","2013-07-07",
"Judy","Castro","2013-05-09",
"Judy","Greene","2013-07-15",
"Judy","Mitchell","2012-10-02",
"Julia","Ochoa","2013-01-22",
"Julia","Rogers","2012-10-07",
"Julian","Beeman","2012-10-09",
"Julio","King","2013-06-09",
"Junior","Johnson","2013-08-15",
"Justin","Dorris","2013-01-09",
"Justin","Fleury","2013-02-18",
"Justin","Leon","2012-11-22",
"Justin","Stoner","2012-10-03",
"Justin","Webb","2013-04-03",
"Kara","Cutler","2013-08-15",
"Karen","Franklin","2013-07-15",
"Karl","Austin","2013-04-04",
"Karla","Young","2012-10-14",
"Kasey","Byrd","2013-04-05",
"Kate","Jackson","2013-01-23",
"Katherine","Denney","2013-07-29",
"Katherine","Nolan","2013-04-08",
"Kathleen","Buford","2013-02-26",
"Kathleen","Durfee","2012-12-06",
"Kathleen","Ferrill","2012-11-01",
"Kathleen","Newquist","2013-07-23",
"Kathryn","Cox","2013-06-18",
"Kathryn","Curry","2012-10-25",
"Kathryn","Griffin","2013-05-25",
"Kathryn","Nakamura","2013-04-03",
"Kathryn","Whitlock","2013-06-09",
"Kathy","Crunk","2012-10-23",
"Kathy","Smith","2013-07-03",
"Katie","Jones","2013-03-03",
"Kayla","Burdick","2012-12-09",
"Keith","Davidson","2012-10-20",
"Keith","Gadd","2013-08-24",
"Keith","Reavis","2013-03-01",
"Keith","Smith","2013-01-16",
"Kelley","Taylor","2013-05-02",
"Kelly","Elliott","2013-03-09",
"Kelly","Houk","2013-03-04",
"Kelly","McDonald","2012-10-14",
"Kelly","Slusher","2013-07-12",
"Kenneth","Alexander","2013-02-21",
"Kenneth","Benz","2013-02-07",
"Kenneth","Colon","2013-03-19",
"Kenneth","Davis","2012-09-19",
"Kenneth","Depew","2012-12-04",
"Kenneth","Farnsworth","2013-05-19",
"Kenneth","Green","2013-04-13",
"Kenneth","Henderson","2013-03-22",
"Kenneth","Hutchinson","2012-09-30",
"Kenneth","Martin","2013-05-11",
"Kenneth","McDonald","2013-06-13",
"Kenneth","Medina","2012-12-05",
"Kenneth","Reynolds","2012-09-07",
"Kenneth","Romeo","2012-11-25",
"Kenneth","Scott","2013-07-24",
"Kenneth","White","2013-02-15",
"Kenneth","Williams","2012-10-13",
"Kenneth","Williams","2012-10-26",
"Kenny","Gasaway","2013-04-03",
"Kent","Miller","2013-08-17",
"Kent","Sanchez","2012-10-04",
"Kevin","Adams","2012-10-27",
"Kevin","Clemmons","2013-05-08",
"Kevin","Coddington","2013-02-11",
"Kevin","Coleman","2013-07-21",
"Kevin","Colon","2013-05-17",
"Kevin","Elder","2013-04-02",
"Kevin","Eury","2012-10-06",
"Kevin","Francis","2012-11-07",
"Kevin","Franklin","2013-05-19",
"Kevin","Han","2012-12-14",
"Kevin","Hooper","2013-05-03",
"Kevin","Jeffers","2013-05-31",
"Kevin","Kiel","2012-10-25",
"Kevin","Lapointe","2012-09-30",
"Kevin","Long","2013-05-19",
"Kevin","Pal","2013-05-10",
"Kevin","Patterson","2013-03-11",
"Kevin","Pimentel","2012-09-19",
"Kevin","Reed","2013-03-17",
"Kevin","Sargent","2013-03-15",
"Kevin","Walker","2013-02-20",
"Kim","Cordova","2012-09-11",
"Kim","McAuley","2012-09-16",
"Kim","Williams","2013-07-29",
"Kimberly","Mulvey","2012-09-12",
"Kris","April","2013-05-24",
"Kristin","Aguila","2013-06-09",
"Kristin","Teer","2013-01-26",
"Kristin","Zak","2013-02-06",
"Kristopher","Crim","2013-07-23",
"Krystina","Overton","2012-11-03",
"Krystle","Simonton","2013-04-18",
"Kurt","Lloyd","2013-08-25",
"Kyle","Frank","2013-02-02",
"Kyle","Gabriel","2013-06-16",
"Kyle","Money","2013-07-02",
"Kyle","Rector","2013-08-18",
"Kyle","Washington","2013-08-08",
"Lamar","Mitchell","2013-07-10",
"Lance","Griffin","2012-11-06",
"Lance","Gwin","2013-03-27",
"Lance","Reasor","2012-12-25",
"Larry","Adcock","2013-08-14",
"Larry","Bien","2013-05-24",
"Larry","Campbell","2012-09-04",
"Larry","Clark","2012-09-25",
"Larry","Clark","2013-02-08",
"Larry","Gore","2013-03-04",
"Larry","Higley","2013-06-02",
"Larry","Koski","2013-07-15",
"Larry","Lee","2012-10-20",
"Larry","Leroy","2013-07-01",
"Larry","Mathis","2013-04-16",
"Larry","Nelson","2012-11-26",
"Larry","Numbers","2012-09-27",
"Larry","Sherrod","2013-06-07",
"Larry","Simpson","2013-01-14",
"Larry","Smith","2012-09-21",
"Larry","Stebbins","2012-12-15",
"Larry","Trujillo","2013-04-16",
"Larry","Vosburgh","2013-01-22",
"Laura","Aiello","2013-05-28",
"Laura","Franz","2013-07-20",
"Laura","Kraker","2012-11-06",
"Laura","Ladner","2013-01-11",
"Laura","Parsons","2013-06-30",
"Laura","Peterson","2013-02-10",
"Laurel","Smith","2013-05-12",
"Lavern","Brock","2013-04-17",
"Lavonne","Paul","2013-04-22",
"Lawrence","Colwell","2013-06-07",
"Lawrence","Haley","2013-02-06",
"Lawrence","Lewis","2012-10-01",
"Lawrence","Miller","2013-07-30",
"Lawrence","Sheehan","2013-04-14",
"Lawrence","Sisk","2012-12-27",
"Lawrence","Sutphin","2012-11-23",
"Lawrence","Vickers","2013-05-18",
"Lazaro","Metzger","2013-02-14",
"Lazaro","Roberts","2013-03-28",
"Leandro","Rodas","2012-10-26",
"Lee","Borrego","2013-06-10",
"Lee","Carrillo","2013-08-22",
"Leland","West","2013-02-22",
"Lemuel","Henderson","2013-06-06",
"Len","Clift","2013-04-28",
"Leo","Knight","2012-11-04",
"Leo","Wellman","2012-09-04",
"Leon","Clark","2013-02-22",
"Leon","Henson","2013-02-02",
"Leon","Pickett","2013-03-11",
"Leon","Reyes","2013-07-21",
"Leon","Runner","2013-08-12",
"Leona","Grice","2013-05-27",
"Leonard","Falk","2012-12-27",
"Leonard","Guerrero","2013-03-28",
"Leonard","Serna","2013-04-07",
"Leonard","Stith","2012-11-09",
"Leonard","Swift","2013-08-12",
"Leroy","Bourke","2012-10-04",
"Leroy","Gutierrez","2013-07-24",
"Leroy","Taylor","2013-02-13",
"Leslie","Bogan","2013-08-26",
"Leslie","Elder","2013-06-06",
"Leslie","Howard","2012-09-27",
"Leslie","Hume","2013-01-19",
"Leslie","Torres","2013-02-16",
"Leslie","Williams","2013-08-02",
"Lessie","Walker","2012-11-04",
"Lester","Frost","2013-03-25",
"Lester","Johnson","2013-06-26",
"Lester","Ricci","2013-06-23",
"Leticia","Hicks","2013-08-16",
"Levi","Gutierrez","2013-08-15",
"Lewis","Ramos","2012-09-03",
"Lewis","Williams","2013-02-16",
"Lillian","Hayden","2013-06-24",
"Lillian","Johnson","2012-10-31",
"Lincoln","Schofield","2013-07-02",
"Linda","Broxton","2012-09-07",
"Linda","Douglas","2013-05-31",
"Linda","Fee","2012-12-03",
"Linda","Hise","2013-06-28",
"Linda","Nelson","2013-02-14",
"Linda","Reeves","2013-08-07",
"Linda","Salls","2013-01-13",
"Linda","Walker","2013-08-06",
"Lindsay","Felix","2013-05-14",
"Linwood","Lecompte","2012-10-01",
"Lionel","Weber","2013-05-15",
"Lisa","Kerfoot","2013-07-24",
"Liza","Eddings","2013-07-01",
"Lloyd","Butterfield","2012-09-08",
"Logan","Mick","2013-08-04",
"Lois","Rojas","2012-11-28",
"Lon","Lieb","2013-06-02",
"Lonnie","Chalker","2013-04-08",
"Lonnie","Lewis","2012-12-31",
"Lorena","Darden","2012-10-10",
"Lorena","Kring","2013-03-02",
"Lorenzo","McLaughlin","2012-10-25",
"Lorenzo","Smith","2012-11-03",
"Lori","Kim","2013-01-08",
"Lori","Parker","2012-09-29",
"Louella","Liss","2012-10-04",
"Louie","Torgerson","2013-01-18",
"Louis","Duffy","2013-06-17",
"Louis","Jones","2013-08-31",
"Louis","Lopez","2013-03-26",
"Louis","Petersen","2013-02-05",
"Louise","Gray","2013-04-21",
"Louise","Roberts","2013-04-07",
"Lucas","Durgin","2012-10-24",
"Lucas","Hancock","2013-01-07",
"Luis","Clark","2013-07-04",
"Luis","Davis","2013-07-03",
"Luis","Ives","2013-03-01",
"Luis","Lax","2013-07-29",
"Luis","Romano","2012-09-08",
"Luis","Sturm","2013-07-01",
"Lupe","Trotter","2013-08-31",
"Luther","Crowder","2013-05-27",
"Luther","Hotchkiss","2013-03-18",
"Luther","McCafferty","2013-01-08",
"Lydia","Harding","2013-07-08",
"Lydia","Teegarden","2012-10-12",
"Lyle","Corrigan","2013-08-01",
"Lynda","Merino","2013-01-22",
"Lynn","Vincent","2013-01-21",
"Mabel","Hughes","2012-12-01",
"Mable","Hurst","2013-05-12",
"Mae","Sommer","2013-07-13",
"Mae","Villarreal","2013-06-21",
"Magda","Coffey","2012-09-01",
"Magdalen","Stoltzfus","2013-04-02",
"Major","Lee","2013-04-01",
"Malik","Navarro","2012-10-29",
"Malissa","Drew","2012-10-29",
"Mamie","Martinez","2013-04-15",
"Marc","Olivieri","2012-12-04",
"Marc","Richards","2013-05-07",
"Marcelo","Overstreet","2013-03-28",
"Marco","Mazon","2013-07-23",
"Marco","Ruffin","2013-01-09",
"Marcos","Hoffmann","2013-07-22",
"Marcos","Rowley","2013-03-21",
"Marcos","Russell","2013-05-08",
"Marcus","Brown","2012-11-11",
"Marcus","Davis","2013-07-18",
"Marcus","Delossantos","2013-03-28",
"Marcus","McRae","2012-09-17",
"Marcy","Neil","2012-10-09",
"Margaret","Andrews","2013-03-21",
"Margaret","Bachman","2013-02-21",
"Margaret","Ornelas","2012-09-28",
"Margaret","Phillips","2013-04-04",
"Margaret","Stark","2013-07-28",
"Margie","Hunter","2012-11-20",
"Margret","Williams","2012-12-25",
"Maria","Abbott","2013-03-28",
"Maria","Fontenot","2013-08-22",
"Maria","Nolan","2013-05-08",
"Mariano","French","2012-11-04",
"Marie","Kinnear","2013-07-03",
"Marie","McBride","2013-01-30",
"Marie","Olivo","2013-07-24",
"Marie","Schneider","2013-06-13",
"Marie","Tijerina","2013-06-06",
"Marietta","Willoughby","2013-08-19",
"Marilyn","Flores","2012-11-29",
"Marilyn","Mello","2012-10-30",
"Marina","Sutton","2012-11-29",
"Mario","Holliday","2012-12-10",
"Mario","Horvath","2013-04-29",
"Marion","Lesley","2013-06-05",
"Marion","Uy","2012-10-01",
"Marjorie","Bland","2012-11-12",
"Mark","Allen","2013-05-14",
"Mark","Clifford","2013-05-30",
"Mark","Cole","2013-08-08",
"Mark","Colwell","2013-05-19",
"Mark","Diamond","2013-03-07",
"Mark","Driskell","2013-08-24",
"Mark","Dugas","2012-09-21",
"Mark","Duke","2012-11-17",
"Mark","Fenton","2013-04-05",
"Mark","Grace","2012-11-18",
"Mark","Hendrix","2012-12-07",
"Mark","Hernandez","2013-07-14",
"Mark","Hubbard","2012-10-06",
"Mark","Johnson","2013-04-28",
"Mark","Kerrigan","2013-01-21",
"Mark","Kinney","2012-10-31",
"Mark","Milton","2013-07-11",
"Mark","Newton","2013-03-10",
"Mark","Orellana","2012-09-17",
"Mark","Parsons","2013-02-06",
"Mark","Robey","2013-08-20",
"Mark","Taylor","2012-11-10",
"Mark","Tyson","2013-02-19",
"Mark","Ulrich","2013-02-13",
"Mark","Upshaw","2012-12-10",
"Mark","Wada","2012-11-14",
"Mark","Westling","2013-06-01",
"Mark","Wright","2012-12-24",
"Markus","Short","2013-08-29",
"Martha","Graney","2012-09-16",
"Martha","Hake","2012-11-24",
"Martin","Gambrell","2013-01-03",
"Martin","Hall","2013-05-13",
"Martin","Miller","2013-07-23",
"Martin","Ricco","2012-09-22",
"Marty","Fields","2012-12-18",
"Marty","Guidry","2013-07-03",
"Marty","Williams","2012-10-24",
"Marvin","Calloway","2013-04-18",
"Marvin","Gordon","2013-06-23",
"Marvin","Robinson","2012-09-09",
"Marvin","Schaffer","2013-02-24",
"Marvin","Tack","2012-11-19",
"Mary","Beam","2012-12-04",
"Mary","Benson","2012-10-04",
"Mary","Broussard","2013-07-01",
"Mary","Devinney","2012-09-30",
"Mary","Fawcett","2012-12-22",
"Mary","Garcia","2013-02-11",
"Mary","Gettys","2013-05-26",
"Mary","Henderson","2012-09-14",
"Mary","Jones","2013-04-15",
"Mary","Maiorano","2012-09-09",
"Mary","Matsumura","2013-01-09",
"Mary","Miller","2013-06-29",
"Mary","Miller","2013-08-07",
"Mary","Mitchell","2012-10-27",
"Mary","Moran","2012-09-19",
"Mary","Reyes","2013-07-25",
"Mary","Smith","2012-12-14",
"Mary","Smith","2013-03-09",
"Mary","Yedinak","2012-09-11",
"Mathew","Smith","2013-07-07",
"Matt","Nelson","2012-11-01",
"Matthew","Bennett","2012-09-10",
"Matthew","Garrett","2013-01-14",
"Matthew","Kehoe","2012-11-10",
"Matthew","Lebeau","2013-05-25",
"Matthew","Lynch","2013-05-16",
"Matthew","Mayhall","2013-05-14",
"Matthew","Pena","2013-03-02",
"Matthew","Ritchie","2013-06-26",
"Matthew","Spray","2013-05-03",
"Matthew","Vasquez","2012-10-22",
"Matthew","Villa","2013-02-11",
"Maurice","Benefiel","2012-10-07",
"Maurice","Williams","2013-01-03",
"Mavis","Peters","2013-08-18",
"Max","Bailey","2013-03-06",
"Max","Barela","2012-09-28",
"Max","Petrin","2013-06-27",
"Max","Sherman","2012-10-21",
"Max","Vandermark","2013-03-27",
"Mayra","Yin","2013-08-11",
"Megan","Baker","2013-07-31",
"Melinda","Potter","2013-07-20",
"Melissa","Dawson","2013-01-07",
"Melissa","Farmer","2013-02-17",
"Melissa","Fout","2012-10-06",
"Melissa","Hinshaw","2012-09-06",
"Melissa","Long","2013-05-01",
"Melissa","Olmstead","2013-08-23",
"Melissa","Swan","2013-05-16",
"Melissa","Vass","2013-04-16",
"Melvin","Bradford","2013-03-04",
"Melvin","Bradshaw","2013-04-19",
"Melvin","Goll","2013-02-15",
"Merle","Rodriguez","2012-12-13",
"Micah","Morgan","2013-05-06",
"Michael","Alexander","2013-04-08",
"Michael","Bowman","2013-08-25",
"Michael","Brindle","2013-07-05",
"Michael","Bryant","2013-01-17",
"Michael","Castillo","2012-12-08",
"Michael","Donahue","2013-04-16",
"Michael","Eggleston","2013-04-27",
"Michael","Fairweather","2013-05-08",
"Michael","Frailey","2013-07-30",
"Michael","Freel","2012-11-26",
"Michael","Gerhardt","2013-02-10",
"Michael","Grayson","2013-07-01",
"Michael","Gunn","2013-01-30",
"Michael","Hardy","2013-02-06",
"Michael","Hart","2013-07-17",
"Michael","Hayden","2013-07-17",
"Michael","Huntington","2012-10-09",
"Michael","Imler","2012-09-03",
"Michael","Jeffrey","2013-03-10",
"Michael","Jones","2013-08-15",
"Michael","Ketchum","2013-04-23",
"Michael","Lane","2012-11-23",
"Michael","Lefkowitz","2013-02-09",
"Michael","Martin","2013-02-21",
"Michael","Mason","2012-09-13",
"Michael","Mason","2012-12-03",
"Michael","McBride","2013-02-11",
"Michael","Meyer","2012-12-15",
"Michael","Morillo","2013-02-07",
"Michael","Mowrer","2013-08-17",
"Michael","Murphy","2012-09-22",
"Michael","Nagel","2013-08-08",
"Michael","Neal","2013-04-16",
"Michael","Newcomb","2012-12-17",
"Michael","Nguyen","2013-06-11",
"Michael","Okelley","2012-10-29",
"Michael","Ollie","2013-06-22",
"Michael","Orourke","2013-05-12",
"Michael","Peck","2013-04-19",
"Michael","Pierce","2013-06-07",
"Michael","Ping","2013-08-26",
"Michael","Reece","2012-09-02",
"Michael","Reynolds","2012-10-31",
"Michael","Ricks","2013-08-31",
"Michael","Robinson","2013-03-23",
"Michael","Rouse","2013-05-17",
"Michael","Schwartz","2013-01-21",
"Michael","Smith","2012-10-20",
"Michael","Sosa","2013-05-10",
"Michael","Sundquist","2013-01-08",
"Michael","Tate","2013-07-11",
"Michael","Thames","2013-05-04",
"Michael","Thiede","2012-10-27",
"Michael","Towell","2013-01-25",
"Michael","Urbanski","2013-06-24",
"Michael","White","2012-12-05",
"Michael","Williams","2013-08-30",
"Michael","Young","2012-09-01",
"Michal","Goldstein","2013-02-10",
"Micheal","Burk","2012-10-29",
"Michel","Hulme","2013-04-15",
"Michele","Heacock","2013-05-13",
"Michelle","Berry","2013-03-03",
"Michelle","Bibby","2012-09-16",
"Michelle","Meisel","2013-03-10",
"Michelle","Taylor","2013-05-14",
"Miguel","Kaplan","2013-05-29",
"Miguel","Nelson","2013-08-16",
"Miguel","Quirk","2012-10-15",
"Mike","Brown","2012-09-17",
"Mike","Campbell","2013-05-08",
"Milan","Lima","2013-07-29",
"Mildred","Caswell","2013-07-02",
"Mildred","Sylvester","2013-02-06",
"Miles","Theodore","2012-12-07",
"Milo","Irvin","2013-07-16",
"Milton","Johnson","2012-09-30",
"Milton","Langston","2013-01-26",
"Milton","Mort","2013-06-28",
"Milton","Rascon","2013-07-26",
"Milton","Swaim","2012-09-12",
"Milton","Wagner","2013-06-28",
"Mimi","Martinez","2012-10-16",
"Minnie","Black","2012-09-21",
"Minnie","Holt","2013-05-08",
"Minnie","Valle","2012-12-21",
"Misty","Jackson","2013-03-17",
"Moises","Mather","2013-03-29",
"Mona","McCreary","2013-05-05",
"Monica","Moss","2013-04-26",
"Monroe","Lancaster","2013-05-03",
"Morgan","Kirkham","2013-08-27",
"Morris","Nicholes","2013-06-21",
"Moses","Davis","2012-09-03",
"Moshe","Riley","2013-01-15",
"Nanci","Smith","2013-08-06",
"Nancy","Brown","2013-04-22",
"Nancy","Canas","2013-06-17",
"Nancy","Ginyard","2013-07-10",
"Nancy","Hadnot","2013-08-14",
"Nancy","Lomanto","2013-07-15",
"Nancy","McGrane","2013-03-09",
"Nancy","Still","2013-01-13",
"Nancy","Stockwell","2013-06-29",
"Nancy","Weiss","2013-04-18",
"Nannie","Batista","2013-06-09",
"Natalie","Bolen","2013-01-24",
"Nathan","Malinowski","2013-04-10",
"Nathan","Mullins","2013-06-16",
"Nathan","Salinas","2013-04-22",
"Nathan","Walker","2013-07-30",
"Neal","Lynch","2013-07-07",
"Neal","Sandoval","2012-12-17",
"Neely","Comeaux","2013-02-24",
"Neil","Bradley","2012-09-29",
"Neil","Peterson","2012-10-23",
"Nellie","Justice","2013-01-03",
"Nelson","Denn","2013-08-12",
"Nelson","McKay","2013-07-31",
"Nelson","Palmer","2013-02-12",
"Nicholas","Emerick","2013-06-23",
"Nicholas","Gibson","2012-11-09",
"Nicholas","Harvey","2013-06-08",
"Nicholas","Kessler","2013-03-03",
"Nicholas","Larkin","2013-08-17",
"Nicholas","Meredith","2013-03-25",
"Nicholas","Michaud","2013-03-10",
"Nicholas","Rouse","2012-10-31",
"Nicholas","Smith","2013-03-30",
"Nicole","Mahlum","2012-10-29",
"Nikki","Stpierre","2013-01-15",
"Nita","Berman","2013-04-21",
"Nola","Stroud","2012-10-04",
"Norbert","Rhodes","2012-09-20",
"Norma","Graves","2012-09-03",
"Norma","Hill","2013-08-28",
"Norma","Mendez","2013-02-25",
"Norman","Hynes","2012-10-18",
"Norman","Johnson","2013-08-09",
"Norman","Rudd","2013-06-17",
"Norman","Sharpe","2013-04-21",
"Norman","Sweatt","2013-07-14",
"Octavio","Ramsey","2013-02-25",
"Odell","Ramos","2013-07-12",
"Olen","Rosson","2012-10-03",
"Oliver","Marley","2013-04-03",
"Olivia","Whitley","2012-11-19",
"Ollie","Inman","2013-03-25",
"Omar","Duck","2013-05-19",
"Omar","Khan","2012-09-01",
"Omar","Rubin","2012-09-24",
"Opal","Crawford","2013-06-13",
"Ophelia","Beacham","2012-10-29",
"Orlando","Mesa","2013-05-17",
"Orpha","Cosper","2013-02-22",
"Orville","Greear","2013-06-08",
"Oscar","Smith","2013-01-09",
"Osvaldo","Hong","2013-03-12",
"Otis","Ellis","2012-10-13",
"Pam","Omalley","2012-12-09",
"Pamela","Midgette","2012-10-03",
"Pamela","Stackhouse","2013-02-10",
"Patricia","Gay","2013-03-14",
"Patricia","Sandoval","2013-06-07",
"Patricia","Smith","2012-09-08",
"Patrick","Holmstrom","2013-08-24",
"Patrick","Kelso","2012-12-15",
"Patrick","Knutson","2012-10-28",
"Patrick","Morris","2013-01-04",
"Patrick","Scott","2013-03-08",
"Paul","Bell","2012-12-08",
"Paul","Coffey","2013-03-30",
"Paul","Colclough","2013-07-25",
"Paul","Costa","2013-03-15",
"Paul","Curran","2013-02-12",
"Paul","Desimone","2013-04-08",
"Paul","Harmon","2013-07-10",
"Paul","Huls","2013-04-06",
"Paul","McIntire","2013-02-22",
"Paul","McKinney","2013-08-11",
"Paul","Murray","2013-03-31",
"Paul","Nichols","2013-04-09",
"Paul","Partington","2013-01-25",
"Paul","Pendergrass","2012-09-24",
"Paul","Robles","2012-12-14",
"Paul","Schofield","2013-05-20",
"Paul","Smith","2012-11-09",
"Paul","Staton","2013-05-03",
"Paul","Walker","2013-05-13",
"Paul","Welsh","2013-07-24",
"Paul","White","2013-07-17",
"Paul","Williams","2013-02-24",
"Paul","Williams","2013-05-28",
"Paula","Lair","2012-10-06",
"Paula","Lance","2013-01-02",
"Paula","Rodriquez","2012-09-27",
"Pauline","Coakley","2013-02-18",
"Pauline","Hannah","2013-02-02",
"Pedro","Harding","2012-09-20",
"Penny","Robinson","2013-06-05",
"Percy","Hamilton","2013-02-23",
"Perry","Swan","2012-12-09",
"Pete","Armstrong","2013-05-17",
"Pete","Mitchell","2013-02-11",
"Peter","Allred","2012-12-10",
"Peter","Bordelon","2012-09-12",
"Peter","Crawford","2013-05-18",
"Peter","Henry","2012-10-18",
"Peter","James","2012-09-21",
"Peter","Johnson","2013-08-14",
"Peter","Lawson","2012-11-23",
"Peter","Melendez","2013-03-07",
"Peter","Melton","2013-08-08",
"Peter","Nielsen","2013-08-01",
"Peter","Petry","2012-09-12",
"Peter","Willey","2012-10-11",
"Philip","Cave","2013-06-10",
"Philip","McClung","2013-07-06",
"Philip","Mora","2012-12-18",
"Philip","Seals","2013-01-17",
"Philip","Wicker","2012-10-21",
"Phillip","Crenshaw","2012-10-17",
"Phillip","Hannan","2012-11-12",
"Phillip","McCollum","2013-06-18",
"Phillip","Ranger","2013-04-27",
"Phillip","Watkins","2013-06-03",
"Phillip","Williams","2012-09-11",
"Phyllis","Baker","2012-12-29",
"Portia","Mendoza","2012-11-06",
"Preston","Holton","2013-05-09",
"Preston","Jackson","2013-02-09",
"Quinton","Zamora","2013-06-13",
"Racheal","Hall","2013-05-20",
"Rachel","Hernandez","2013-06-25",
"Rae","Strauser","2012-09-29",
"Rafael","Bouchard","2013-04-17",
"Rafael","Buckley","2013-08-17",
"Rafael","Burdette","2013-06-15",
"Rafael","Davidson","2013-01-19",
"Rafael","Wright","2012-11-03",
"Rafael","Zambrano","2013-03-13",
"Ralph","Anderson","2012-11-07",
"Ralph","Arnold","2013-07-13",
"Ralph","Duke","2012-11-11",
"Ralph","Gosselin","2013-01-18",
"Ralph","Hampton","2012-11-23",
"Ralph","Hayes","2012-09-29",
"Ralph","Jones","2012-10-29",
"Ralph","Kramer","2013-02-01",
"Ralph","Martel","2013-03-26",
"Ralph","Wilson","2013-08-09",
"Ralph","Wood","2013-05-20",
"Ramon","Fry","2013-05-17",
"Ramon","Olmstead","2013-08-15",
"Ramon","Stubbs","2012-10-02",
"Randal","Kelly","2013-05-12",
"Randall","Davis","2013-04-10",
"Randall","Ebert","2013-06-18",
"Randall","Huntington","2012-10-02",
"Randy","Best","2013-05-23",
"Randy","Glass","2012-09-15",
"Randy","Henderson","2013-04-16",
"Randy","Huneycutt","2012-09-26",
"Randy","Littrell","2012-10-17",
"Randy","Shaffer","2013-04-09",
"Randy","Shipley","2013-03-11",
"Raul","Murry","2013-03-27",
"Raul","Puente","2013-05-01",
"Ray","Hill","2013-06-19",
"Ray","Robertson","2012-10-07",
"Ray","Thomas","2013-06-06",
"Raymond","Bartelt","2013-06-28",
"Raymond","Carroll","2012-12-29",
"Raymond","Dufresne","2013-01-29",
"Raymond","Hemmer","2012-10-02",
"Raymond","Johnston","2013-07-28",
"Raymond","Miller","2012-09-20",
"Raymond","Nelson","2013-05-18",
"Raymond","Smith","2013-08-15",
"Raymond","Weber","2012-09-27",
"Raymundo","Hopkins","2013-05-03",
"Rebecca","Border","2013-06-26",
"Rebecca","Cook","2012-10-28",
"Rebecca","Nieves","2013-04-25",
"Rebecca","Stiles","2013-07-21",
"Reed","Garcia","2012-12-16",
"Regina","Brown","2012-11-04",
"Reginald","Blakely","2013-03-13",
"Reginald","Copeland","2013-04-16",
"Renaldo","Leonard","2013-06-15",
"Rene","Torres","2012-09-18",
"Reuben","Boudreau","2013-06-23",
"Rex","Lemoine","2012-12-07",
"Rex","Sappington","2013-05-16",
"Reyna","Johnson","2013-07-31",
"Rhona","Spencer","2013-03-13",
"Ricardo","Bargo","2012-10-21",
"Ricardo","Horne","2013-03-25",
"Ricardo","Jackson","2013-02-16",
"Ricardo","James","2012-12-04",
"Ricardo","Reid","2013-05-01",
"Richard","Ardis","2013-05-30",
"Richard","Baker","2013-03-20",
"Richard","Beyer","2012-10-20",
"Richard","Brenner","2013-04-12",
"Richard","Broadhead","2012-11-27",
"Richard","Carlson","2012-11-28",
"Richard","Cavazos","2012-10-02",
"Richard","Chang","2013-04-10",
"Richard","Cuevas","2012-10-04",
"Richard","Day","2012-11-17",
"Richard","Erdmann","2013-01-12",
"Richard","Etchison","2013-07-19",
"Richard","Farley","2013-08-09",
"Richard","Gomez","2013-03-25",
"Richard","Goodwin","2012-10-09",
"Richard","Green","2013-05-23",
"Richard","Guillen","2013-08-24",
"Richard","Guzman","2012-11-08",
"Richard","Heasley","2013-05-29",
"Richard","Hill","2013-06-15",
"Richard","Hullinger","2013-04-04",
"Richard","Ibarra","2013-04-07",
"Richard","Jackson","2013-04-21",
"Richard","Jackson","2013-06-06",
"Richard","Jensen","2012-09-17",
"Richard","Johnson","2013-03-26",
"Richard","Leighty","2013-05-02",
"Richard","Mayes","2013-04-20",
"Richard","Mitchell","2013-02-22",
"Richard","Moore","2013-08-25",
"Richard","Norton","2012-11-22",
"Richard","Rafferty","2013-02-25",
"Richard","Ramirez","2013-04-02",
"Richard","Ramos","2013-02-22",
"Richard","Richeson","2012-09-10",
"Richard","Saffold","2012-10-11",
"Richard","Schroder","2012-09-23",
"Richard","Scott","2013-08-03",
"Richard","Seals","2013-01-21",
"Richard","Thomas","2013-07-28",
"Richard","Torres","2013-02-09",
"Richard","Ward","2012-09-04",
"Richard","Wilkins","2013-06-26",
"Richard","Yow","2012-09-14",
"Rick","Brown","2013-06-14",
"Rick","Greco","2012-10-15",
"Rick","Kerlin","2013-08-09",
"Rickey","Watts","2013-02-08",
"Ricky","Dunaway","2012-09-02",
"Rigoberto","Worley","2013-01-04",
"Rita","Delagarza","2013-06-06",
"Robby","Tucker","2012-09-14",
"Robert","Adkins","2013-03-28",
"Robert","Agan","2013-04-27",
"Robert","Agnew","2012-12-09",
"Robert","Allen","2012-12-02",
"Robert","Anthony","2012-11-27",
"Robert","Bonham","2012-11-11",
"Robert","Booth","2013-02-25",
"Robert","Boyer","2013-07-13",
"Robert","Bramlett","2012-11-18",
"Robert","Bromberg","2013-02-24",
"Robert","Brown","2012-12-07",
"Robert","Bussey","2013-04-09",
"Robert","Casey","2013-02-23",
"Robert","Crenshaw","2013-08-06",
"Robert","Cronin","2012-12-25",
"Robert","Donaghy","2013-05-01",
"Robert","Donaldson","2013-02-02",
"Robert","Douglas","2013-03-18",
"Robert","Eason","2013-03-10",
"Robert","Edwards","2013-03-30",
"Robert","Evatt","2013-04-16",
"Robert","Frame","2013-08-20",
"Robert","Gaddy","2013-05-05",
"Robert","Gadson","2013-04-10",
"Robert","Garcia","2013-08-07",
"Robert","Gonzales","2012-12-21",
"Robert","Greene","2013-03-27",
"Robert","Guard","2012-10-13",
"Robert","Gwinn","2012-09-04",
"Robert","Hahn","2013-04-29",
"Robert","Hale","2013-06-09",
"Robert","Harris","2012-12-17",
"Robert","Hawley","2013-05-07",
"Robert","Hopkins","2013-03-21",
"Robert","Hulse","2013-06-08",
"Robert","Johnson","2012-12-06",
"Robert","Knapp","2012-11-19",
"Robert","Lane","2013-03-26",
"Robert","Larson","2012-10-21",
"Robert","Lindsay","2013-05-06",
"Robert","Lisle","2013-02-10",
"Robert","Lyon","2012-09-25",
"Robert","Maddox","2013-01-03",
"Robert","Marable","2013-05-22",
"Robert","Martinez","2013-05-17",
"Robert","Maxwell","2013-06-15",
"Robert","McArdle","2012-12-14",
"Robert","McBride","2013-04-11",
"Robert","McBride","2013-06-09",
"Robert","McCluskey","2013-06-30",
"Robert","McKillip","2012-10-03",
"Robert","Melton","2013-03-28",
"Robert","Morgan","2013-02-03",
"Robert","Neilson","2013-05-15",
"Robert","Nix","2012-12-24",
"Robert","Osbourne","2012-12-29",
"Robert","Ratliff","2013-01-20",
"Robert","Roberts","2013-07-19",
"Robert","Rodrigues","2012-09-19",
"Robert","Rosser","2013-03-31",
"Robert","Rudd","2012-09-02",
"Robert","Sanders","2012-12-16",
"Robert","Spear","2012-11-21",
"Robert","Steib","2013-05-20",
"Robert","Stevens","2013-01-15",
"Robert","Stewart","2012-11-13",
"Robert","Taylor","2013-01-11",
"Robert","Tibbitts","2013-05-12",
"Robert","Tunnell","2012-12-28",
"Robert","Valenti","2012-11-03",
"Robert","Vanbrunt","2013-04-26",
"Robert","Wallace","2012-10-31",
"Robert","Watkins","2012-10-28",
"Robert","Wells","2013-06-20",
"Robert","Williams","2013-08-24",
"Robert","Wilson","2013-08-23",
"Robert","Wright","2013-06-12",
"Roberta","Schaper","2013-05-09",
"Roberto","Kraus","2012-10-11",
"Roberto","Miles","2012-12-25",
"Roberto","Savory","2013-04-13",
"Robin","Rousseau","2013-02-08",
"Rocco","Kim","2012-11-23",
"Rochelle","Hampton","2013-03-13",
"Roderick","Clark","2013-02-28",
"Roderick","Ward","2012-12-07",
"Rodney","Barlow","2012-12-13",
"Rodney","Dalzell","2012-12-03",
"Rodney","Spiers","2012-11-19",
"Rogelio","Boden","2012-11-01",
"Roger","Bono","2013-02-24",
"Roger","McCullough","2013-01-15",
"Roger","Ottman","2013-06-30",
"Roger","Owen","2012-12-11",
"Roger","Owens","2013-02-10",
"Roger","Padilla","2013-01-07",
"Romeo","Schulz","2013-01-28",
"Ron","Word","2012-10-16",
"Ronald","Baker","2012-10-11",
"Ronald","Bird","2012-10-21",
"Ronald","Campbell","2013-03-22",
"Ronald","Crafts","2012-10-30",
"Ronald","Crampton","2013-04-21",
"Ronald","Croll","2012-11-10",
"Ronald","Grant","2012-11-19",
"Ronald","Hughes","2012-10-06",
"Ronald","Irwin","2012-10-01",
"Ronald","Lindsey","2013-02-20",
"Ronald","Noble","2013-08-06",
"Ronald","Noriega","2012-09-17",
"Ronald","Price","2012-11-15",
"Ronald","Renfroe","2013-01-07",
"Ronald","Sheppard","2012-10-03",
"Ronald","Sibley","2013-06-01",
"Ronald","Tharpe","2012-10-29",
"Ronald","Warner","2013-04-30",
"Ronald","Wright","2013-04-09",
"Ronda","Frost","2012-09-19",
"Ronni","Claar","2012-12-04",
"Ronnie","Moses","2012-12-23",
"Ronnie","Nagle","2013-05-21",
"Roosevelt","Devries","2013-02-06",
"Roosevelt","William","2013-02-02",
"Rose","Campbell","2012-12-24",
"Rose","Humphrey","2013-03-23",
"Rose","Minton","2013-03-17",
"Rose","Schulz","2013-05-24",
"Rose","Shelton","2013-07-24",
"Rose","Tanner","2013-05-10",
"Rosendo","Hewlett","2013-04-27",
"Rosina","Melendez","2013-02-07",
"Ross","Perez","2013-04-12",
"Roy","Bolden","2013-01-31",
"Roy","Bowling","2012-09-03",
"Roy","Cook","2012-09-27",
"Roy","Evans","2012-11-14",
"Roy","Fain","2012-10-07",
"Roy","Fountain","2013-06-27",
"Roy","Gresham","2012-10-29",
"Roy","Johnson","2013-01-07",
"Roy","Linney","2013-08-26",
"Roy","Nash","2013-03-12",
"Roy","Peeples","2013-08-30",
"Roy","Richey","2013-01-02",
"Roy","Weber","2012-12-06",
"Royal","Prado","2013-01-10",
"Royce","Brown","2012-09-08",
"Ruben","Smith","2012-11-20",
"Ruben","Webber","2013-03-18",
"Rubin","Gonzales","2013-05-18",
"Ruby","Henderson","2012-11-21",
"Ruby","Lamson","2013-05-17",
"Rudolph","Dubin","2012-11-12",
"Rudy","Anderson","2013-06-06",
"Rudy","Cowling","2012-12-28",
"Rudy","Mullins","2012-10-26",
"Russ","Bouffard","2013-06-08",
"Russel","Bosco","2012-12-28",
"Russel","Lemay","2012-11-24",
"Russell","Farmer","2013-04-22",
"Russell","Hahne","2013-02-12",
"Russell","Lindgren","2012-12-14",
"Russell","Pryor","2013-05-24",
"Russell","Ross","2012-10-30",
"Russell","Shaffer","2013-04-06",
"Russell","West","2013-05-18",
"Ruth","Johnson","2013-05-08",
"Ruth","Lincoln","2013-06-07",
"Ruth","Santos","2012-10-11",
"Ryan","Brown","2013-02-14",
"Ryan","Clark","2013-04-18",
"Ryan","Coleman","2013-04-15",
"Ryan","Dipaolo","2013-05-12",
"Ryan","Johnson","2013-08-31",
"Ryan","McEwan","2013-03-11",
"Ryan","McNeil","2013-07-07",
"Ryan","Milligan","2013-05-16",
"Ryan","Monahan","2012-11-22",
"Ryan","Perry","2013-03-24",
"Ryan","Roberts","2013-03-29",
"Ryan","Stokes","2013-07-28",
"Ryan","Williams","2013-02-27",
"Sabrina","Perry","2012-10-21",
"Sally","Jones","2013-04-04",
"Salvatore","Blanchard","2012-11-14",
"Sam","Apple","2013-08-24",
"Sam","Boykin","2013-01-13",
"Sam","Davis","2012-12-08",
"Sam","Raasch","2012-12-14",
"Sam","Tong","2012-12-15",
"Sammie","Patton","2013-06-26",
"Samuel","Hawkes","2012-09-15",
"Samuel","Hodges","2012-09-03",
"Samuel","Hunger","2012-11-20",
"Samuel","Lopez","2013-08-31",
"Samuel","Malik","2013-01-27",
"Samuel","Merritt","2013-06-15",
"Samuel","Rubino","2013-05-09",
"Samuel","Schumacher","2013-01-03",
"Samuel","Shelton","2012-10-14",
"Sandra","Cano","2013-08-17",
"Sandra","Carter","2013-08-19",
"Sandra","Nemec","2013-05-23",
"Sandra","Torres","2013-02-23",
"Sandra","Turnipseed","2012-12-29",
"Sanford","Hahn","2013-04-06",
"Santiago","Munson","2013-01-19",
"Santiago","Rogers","2012-12-06",
"Sara","Brazier","2012-10-07",
"Sarah","Labbe","2012-12-21",
"Sarah","Morgan","2012-11-22",
"Sarah","Wiggins","2013-08-06",
"Saul","Margolis","2012-12-05",
"Saundra","Smith","2012-10-25",
"Scott","Berk","2013-01-30",
"Scott","Brownlee","2013-06-10",
"Scott","Cousins","2012-09-09",
"Scott","Eaddy","2013-04-01",
"Scott","Faulkner","2012-11-17",
"Scott","Fultz","2013-03-18",
"Scott","Jaffe","2013-04-17",
"Scott","Jeffries","2013-03-12",
"Scott","Kennedy","2013-02-04",
"Scott","McClure","2012-11-23",
"Scott","Summerlin","2013-05-07",
"Sean","Cunningham","2013-04-05",
"Sean","Deans","2013-03-13",
"Sean","Decker","2013-02-22",
"Sean","Gorman","2013-05-16",
"Sean","Long","2012-09-09",
"Sean","Potter","2013-08-14",
"Sean","Taylor","2013-03-20",
"Sean","Tice","2013-04-14",
"Sergio","Morgan","2013-05-28",
"Seth","Armstrong","2012-09-05",
"Seth","Cohen","2013-01-31",
"Seth","Sandy","2012-09-16",
"Seymour","Howell","2013-08-29",
"Shane","Prewitt","2013-08-15",
"Shannon","Baxter","2012-09-06",
"Shannon","Findley","2012-10-31",
"Shannon","Grabowski","2013-03-12",
"Shannon","Heater","2013-04-14",
"Shannon","Horne","2013-02-17",
"Shannon","Pugh","2012-11-22",
"Shantel","Carr","2013-08-29",
"Shari","Downing","2012-09-09",
"Sharon","King","2013-08-14",
"Sharon","Melton","2012-10-05",
"Sharon","Paul","2013-06-14",
"Sharon","Santos","2013-07-03",
"Sharon","Wallace","2013-04-07",
"Sharron","Champion","2013-01-06",
"Shawn","Etzel","2013-08-29",
"Shawn","Wiggin","2012-11-26",
"Sheila","Rudy","2013-06-18",
"Shelia","Dow","2013-01-25",
"Shelley","McKittrick","2013-03-17",
"Shelli","Brown","2013-03-20",
"Shelly","Finley","2013-07-16",
"Sheri","Casey","2013-01-28",
"Sherman","Labriola","2013-05-04",
"Sherri","Pierson","2013-06-13",
"Sherry","Gamble","2012-11-23",
"Sheryl","Owens","2012-10-29",
"Shin","Wilson","2013-01-16",
"Shirley","Coronado","2013-08-10",
"Shirley","Curry","2012-11-27",
"Shirley","Drake","2013-05-29",
"Shirley","Jewell","2013-08-07",
"Shona","Collins","2013-06-12",
"Sidney","Gustafson","2013-08-26",
"Silas","Eller","2012-12-28",
"Silas","Jones","2013-08-24",
"Silas","McCoy","2012-09-26",
"Socorro","Charest","2013-01-25",
"Stacey","Sutera","2013-05-04",
"Stacy","Delaney","2013-02-26",
"Stan","Gregory","2012-11-28",
"Stanley","Griffith","2013-07-20",
"Stanley","Harry","2013-04-13",
"Stanley","Marks","2013-06-11",
"Stanley","Rowlett","2013-06-07",
"Stanton","Juarez","2013-01-09",
"Stephan","Cornett","2013-08-22",
"Stephanie","Beeson","2012-10-31",
"Stephanie","McAndrew","2012-12-16",
"Stephanie","Myers","2013-03-10",
"Stephen","Coover","2013-02-04",
"Stephen","Daigle","2013-05-15",
"Stephen","Delaney","2012-09-12",
"Stephen","Frank","2013-05-21",
"Stephen","Hardman","2013-03-08",
"Stephen","Lane","2013-06-23",
"Stephen","Leverett","2013-07-08",
"Stephen","Lovato","2013-06-06",
"Stephen","Martin","2013-01-28",
"Stephen","Preas","2013-05-03",
"Stephen","Ramos","2013-06-06",
"Stephen","Redmon","2013-08-03",
"Stephen","Roman","2012-12-05",
"Stephen","Stafford","2013-07-12",
"Stephen","Wagner","2013-07-23",
"Stephen","Williams","2013-05-14",
"Steve","Cossette","2013-07-30",
"Steve","Dixon","2012-10-18",
"Steve","Dutil","2013-01-18",
"Steve","East","2013-07-09",
"Steve","Fortier","2013-04-02",
"Steve","Gabaldon","2012-12-01",
"Steve","Gonzales","2013-04-09",
"Steve","Johnson","2012-12-27",
"Steve","Kramer","2013-04-19",
"Steve","Loftis","2013-05-06",
"Steve","Ovalle","2012-09-19",
"Steve","Robinson","2013-03-31",
"Steve","Settles","2013-04-18",
"Steve","Simpson","2013-04-04",
"Steve","Webb","2013-08-11",
"Steven","Aguilar","2012-12-21",
"Steven","Allen","2012-10-17",
"Steven","Asher","2012-12-19",
"Steven","Fallin","2013-06-30",
"Steven","Harper","2012-09-23",
"Steven","Hicks","2012-09-19",
"Steven","Hudson","2013-01-10",
"Steven","Johnson","2013-04-22",
"Steven","Kearns","2013-02-12",
"Steven","Lang","2013-08-17",
"Steven","Monroe","2012-11-25",
"Steven","Monzo","2012-10-02",
"Steven","Morris","2012-11-04",
"Steven","Rimer","2012-09-03",
"Steven","Romero","2013-01-31",
"Steven","Smith","2013-01-17",
"Steven","Stout","2013-05-12",
"Steven","Weddington","2013-07-18",
"Steven","Wolf","2013-08-31",
"Steven","Zamora","2013-08-11",
"Stewart","Sobel","2013-01-13",
"Stewart","Withers","2012-12-27",
"Sung","Haley","2012-12-06",
"Susan","Aguilar","2012-12-18",
"Susan","Coates","2013-05-10",
"Susan","Delarosa","2012-11-02",
"Susan","Persinger","2012-11-18",
"Susan","Umana","2012-09-17",
"Susan","Washington","2013-08-09",
"Susan","Wood","2012-11-04",
"Susie","Anders","2012-09-19",
"Suzan","Moe","2013-08-28",
"Sydney","McGrath","2013-08-08",
"Sylvester","Gendron","2013-05-06",
"Sylvia","Dupree","2013-02-24",
"Sylvia","Fisher","2012-10-09",
"Sylvia","Tinker","2013-04-13",
"Tama","Moreno","2013-05-04",
"Tamera","Watkin","2013-05-31",
"Tami","Dickerson","2012-11-10",
"Tammy","Clapper","2013-01-08",
"Tammy","Ruiz","2013-04-08",
"Tammy","Seamans","2013-06-11",
"Tania","Fleming","2013-07-04",
"Tanya","Neubauer","2012-12-07",
"Tara","Hunter","2012-09-23",
"Tara","Palacios","2013-07-04",
"Tara","Wells","2013-07-23",
"Tasha","Pollock","2013-06-18",
"Taylor","Nichols","2012-09-07",
"Teresa","Aquino","2013-05-10",
"Teresa","Crawford","2013-03-28",
"Teresa","Wise","2012-12-27",
"Terrance","Grosse","2013-07-21",
"Terrence","Hardy","2013-05-28",
"Terri","Harris","2013-08-04",
"Terry","Choi","2012-09-16",
"Terry","Horton","2012-09-23",
"Terry","Jones","2013-07-15",
"Terry","Lee","2013-02-19",
"Terry","Malone","2012-12-16",
"Terry","McDonald","2012-10-29",
"Terry","Navarro","2012-11-23",
"Terry","Poole","2013-06-30",
"Terry","Rousseau","2012-09-22",
"Terry","Stewart","2012-09-02",
"Terry","Taylor","2013-07-31",
"Terry","Weiler","2013-03-18",
"Theodore","Ceballos","2012-12-20",
"Theodore","Davis","2012-09-22",
"Theodore","Lewis","2013-05-01",
"Theodore","Roberts","2013-06-01",
"Theodore","Simmons","2012-11-07",
"Theresa","Ritchie","2012-11-22",
"Theresa","Sage","2012-11-10",
"Thomas","Allen","2012-09-01",
"Thomas","Allen","2012-12-25",
"Thomas","Ashton","2012-11-19",
"Thomas","Barber","2012-12-20",
"Thomas","Becnel","2013-01-16",
"Thomas","Clark","2013-05-17",
"Thomas","Crary","2013-07-09",
"Thomas","Daniel","2013-01-31",
"Thomas","Flinchum","2013-01-10",
"Thomas","Fogle","2013-01-24",
"Thomas","Ford","2013-02-03",
"Thomas","Gonzalez","2012-12-05",
"Thomas","Gordon","2013-05-31",
"Thomas","Gray","2013-01-16",
"Thomas","Griffin","2012-09-12",
"Thomas","Groce","2012-12-17",
"Thomas","Gross","2013-04-09",
"Thomas","Hartman","2013-02-14",
"Thomas","Hicks","2012-09-06",
"Thomas","Howard","2012-11-25",
"Thomas","Isaac","2013-07-20",
"Thomas","Kreitzer","2013-08-21",
"Thomas","Labelle","2013-07-04",
"Thomas","Lee","2012-11-29",
"Thomas","Mack","2012-10-25",
"Thomas","Mack","2013-05-23",
"Thomas","Morgan","2013-01-17",
"Thomas","Pagan","2012-12-24",
"Thomas","Reyna","2013-04-14",
"Thomas","Steward","2013-03-06",
"Thomas","Tarbell","2012-12-05",
"Thomas","Taylor","2013-04-01",
"Thomas","Thomas","2013-07-07",
"Thomas","Trawick","2013-07-30",
"Thomas","Tucker","2012-10-02",
"Thomas","Wallace","2013-05-14",
"Thomas","Washington","2013-07-14",
"Thomas","White","2012-12-03",
"Thomas","Wise","2012-09-03",
"Thuy","Hardman","2013-07-25",
"Tiffany","Seeley","2013-08-11",
"Tiffany","Whitehurst","2012-10-15",
"Tim","Troutman","2013-01-06",
"Timmy","Pellerin","2012-10-24",
"Timothy","Anderson","2013-02-26",
"Timothy","Clark","2013-05-24",
"Timothy","Foote","2013-08-15",
"Timothy","Johnson","2013-01-23",
"Timothy","Judkins","2012-11-11",
"Timothy","McKay","2013-04-18",
"Timothy","Nance","2012-12-05",
"Timothy","Orner","2013-08-27",
"Timothy","Rita","2013-03-08",
"Timothy","Rose","2013-02-06",
"Timothy","Rowe","2013-06-02",
"Timothy","Sampson","2012-09-07",
"Timothy","Townsend","2012-12-28",
"Timothy","White","2012-10-06",
"Timothy","Young","2012-12-14",
"Toby","Ricker","2012-11-08",
"Todd","Bailey","2013-06-07",
"Todd","Zuniga","2012-09-27",
"Tom","Oliver","2012-12-13",
"Tom","Salinas","2013-01-02",
"Tom","Simmons","2013-05-08",
"Tommie","Johnson","2013-04-30",
"Tommy","Schaffer","2012-10-16",
"Tommy","Williams","2013-06-10",
"Tony","Adams","2012-12-29",
"Tony","Brush","2013-01-15",
"Tony","Greene","2013-01-15",
"Tony","Hirth","2012-12-02",
"Tony","Holland","2012-12-08",
"Tony","Moon","2013-02-01",
"Tony","Pierce","2012-10-17",
"Tony","Sanderson","2012-12-22",
"Tony","Steele","2013-01-02",
"Tony","Taylor","2013-06-07",
"Tory","Roberts","2012-10-08",
"Tracey","Remillard","2013-06-15",
"Tracey","Utecht","2013-07-10",
"Tracy","Allen","2012-09-23",
"Tracy","Carter","2012-12-09",
"Tracy","Herring","2013-04-14",
"Tracy","Saddler","2012-09-15",
"Tracy","Willingham","2012-10-18",
"Travis","Clark","2012-12-15",
"Travis","Delaney","2013-02-16",
"Travis","May","2013-03-02",
"Travis","Parker","2013-07-12",
"Trevor","Ramires","2013-08-17",
"Tricia","Timberlake","2013-04-23",
"Troy","Johnson","2013-04-26",
"Troy","Smith","2013-05-30",
"Troy","Wegener","2013-04-10",
"Tyler","Dinkins","2013-05-28",
"Tyler","Leighton","2013-05-19",
"Tyler","Love","2013-02-27",
"Tyrone","Butler","2013-03-19",
"Tyrone","Chisholm","2013-07-10",
"Ulysses","Brown","2013-01-02",
"Valarie","Parrish","2013-02-05",
"Valerie","McKeen","2013-04-21",
"Vanessa","Pease","2013-01-24",
"Vera","Driscoll","2013-01-27",
"Verna","Salinas","2012-09-28",
"Vernon","Jackson","2013-01-16",
"Vernon","Willis","2013-08-14",
"Vickie","Murray","2013-05-12",
"Victor","Adams","2013-05-28",
"Victor","Baldwin","2013-05-27",
"Victor","Cronk","2013-08-09",
"Victor","Denton","2013-05-27",
"Victor","Fernandez","2013-04-08",
"Victor","Figueroa","2012-12-09",
"Victor","Jenning","2012-11-04",
"Victor","Mattocks","2012-11-21",
"Victor","Meacham","2013-06-03",
"Victor","Molina","2013-06-13",
"Victor","Raymo","2012-11-20",
"Victor","Thomas","2013-03-23",
"Victoria","Jones","2013-01-08",
"Vince","Gay","2013-03-24",
"Vince","Martin","2012-12-16",
"Vincent","Hampton","2013-02-18",
"Vincent","Prall","2012-12-25",
"Virginia","Allen","2012-09-26",
"Virginia","Surber","2013-03-27",
"Vivian","Griffin","2013-07-07",
"Wade","Salvo","2012-11-18",
"Wallace","Williams","2013-01-21",
"Walter","Barnes","2013-07-03",
"Walter","Davis","2013-04-04",
"Walter","Ferraro","2012-11-11",
"Walter","Jackson","2012-12-23",
"Walter","Marvin","2012-11-04",
"Walter","Olive","2012-11-10",
"Walter","Robertson","2012-11-18",
"Walter","Schnell","2013-07-08",
"Walter","Thompson","2013-01-02",
"Walter","Walker","2012-12-21",
"Walter","Walker","2013-02-13",
"Ward","Edelstein","2012-10-30",
"Warren","Lin","2013-01-04",
"Warren","Pettiford","2012-11-03",
"Wayne","Albritton","2013-01-18",
"Wayne","Foley","2012-09-19",
"Wayne","Newberry","2012-10-23",
"Wayne","Rogers","2013-04-12",
"Weldon","Washington","2013-08-05",
"Wendolyn","Harris","2013-05-12",
"Wendy","Schwarz","2013-02-20",
"Wesley","Perryman","2013-05-04",
"Wesley","Shaffer","2013-05-19",
"Wilburn","Sloan","2012-10-14",
"Wilfred","Fraga","2013-07-14",
"Wilhelmina","Vu","2012-12-16",
"Will","Speaks","2013-04-20",
"Willard","Delacruz","2013-08-10",
"William","Ambrose","2012-10-26",
"William","Anderson","2013-05-13",
"William","Ashton","2012-09-13",
"William","Brown","2013-01-04",
"William","Campbell","2013-02-20",
"William","Campbell","2013-03-15",
"William","Carlson","2013-07-07",
"William","Carr","2013-08-09",
"William","Carter","2012-10-23",
"William","Cedeno","2013-04-07",
"William","Cobbs","2012-09-24",
"William","Collins","2013-05-20",
"William","Colon","2013-04-29",
"William","Cooper","2012-12-09",
"William","Copeland","2013-05-20",
"William","Doby","2012-09-15",
"William","Eichhorn","2013-06-05",
"William","Emmons","2013-04-25",
"William","Evans","2013-07-15",
"William","Everhart","2012-10-24",
"William","Ewing","2013-04-19",
"William","Feldman","2013-03-07",
"William","Folger","2012-09-12",
"William","Ford","2013-05-26",
"William","Ford","2013-06-13",
"William","Fortune","2012-11-25",
"William","Fowler","2013-04-24",
"William","Fox","2013-06-02",
"William","Gilmer","2013-02-24",
"William","Gravley","2012-10-27",
"William","Herren","2013-07-26",
"William","Hill","2013-05-15",
"William","Johnson","2013-01-14",
"William","Jones","2012-12-12",
"William","Leslie","2012-10-05",
"William","Mack","2012-11-23",
"William","Mastin","2013-08-13",
"William","McLaughlin","2013-08-13",
"William","McMillan","2013-01-29",
"William","Pantoja","2013-01-21",
"William","Parker","2013-08-13",
"William","Pellegrin","2013-06-19",
"William","Powell","2012-10-28",
"William","Pulliam","2012-09-02",
"William","Quinlan","2013-07-19",
"William","Ritchie","2012-11-22",
"William","Roberts","2013-07-28",
"William","Sage","2013-04-17",
"William","Sample","2013-07-26",
"William","Samuels","2013-08-04",
"William","Scott","2013-07-25",
"William","Simpson","2013-05-23",
"William","Stahl","2012-09-21",
"William","Story","2012-11-03",
"William","Tanner","2013-03-20",
"William","Terry","2013-04-06",
"William","Thomas","2013-08-16",
"William","Tyree","2012-11-02",
"William","Vincent","2013-07-30",
"William","Waldrep","2012-09-01",
"William","Walker","2013-04-27",
"William","Ward","2013-06-30",
"William","Whatley","2012-12-19",
"William","Whitfield","2013-05-30",
"William","Wright","2013-01-17",
"William","Zack","2012-11-18",
"Williams","Coyle","2013-07-31",
"Willie","Beyer","2012-11-03",
"Willie","Catalano","2013-06-04",
"Willie","Chase","2013-04-20",
"Willie","Cover","2013-07-09",
"Willie","Crossland","2012-10-21",
"Willie","Delph","2013-05-17",
"Willie","Gilliland","2012-11-21",
"Willie","Jobe","2012-12-01",
"Willie","Malone","2013-03-21",
"Willie","McNally","2012-12-12",
"Willie","Mercado","2012-09-21",
"Willie","Moore","2012-11-30",
"Willie","Schwab","2013-03-26",
"Willie","Wyman","2013-04-06",
"Wilmer","Buckelew","2013-08-15",
"Wilmer","Wayland","2013-03-07",
"Winston","Teran","2013-03-02",
"Wm","Morse","2013-01-17",
"Wm","Thompson","2013-06-26",
"Wyatt","Vickers","2013-06-17",
"Xavier","Bravo","2013-03-11",
"Yolanda","Benning","2013-03-27",
"Young","Dupree","2013-03-31",
"Zachary","Birk","2013-06-04",
"Zachary","Sylvester","2012-11-24",
"Zetta","Jones","2013-08-02",